2830,2024-09-06T13:07:56.222+0100,-0.739,4.132,8.888
2830,2024-09-06T13:07:56.354+0100,-0.733,4.079,8.876
2830,2024-09-06T13:07:56.490+0100,-0.702,4.015,8.843
2830,2024-09-06T13:07:56.621+0100,-0.583,3.925,8.978
2830,2024-09-06T13:07:56.751+0100,-0.564,3.91,9.01
2830,2024-09-06T13:07:56.884+0100,-0.54,3.894,9.005
2830,2024-09-06T13:07:57.019+0100,-0.552,3.873,8.973
2830,2024-09-06T13:07:57.153+0100,-0.55,3.879,8.958
2830,2024-09-06T13:07:57.286+0100,-0.614,3.888,8.955
2830,2024-09-06T13:07:57.417+0100,-0.545,3.859,8.998
2830,2024-09-06T13:07:57.552+0100,-0.658,3.898,8.957
2830,2024-09-06T13:07:57.686+0100,-0.569,3.874,8.986
2830,2024-09-06T13:07:57.815+0100,-0.7,3.87,8.965
2830,2024-09-06T13:07:57.950+0100,-0.763,3.953,8.88
2830,2024-09-06T13:07:58.084+0100,-0.743,3.903,8.99
2830,2024-09-06T13:07:58.219+0100,-0.807,3.964,8.855
2830,2024-09-06T13:07:58.354+0100,-0.785,3.903,8.937
2830,2024-09-06T13:07:58.481+0100,-0.815,3.951,8.911
2830,2024-09-06T13:07:58.619+0100,-0.746,3.907,8.937
2830,2024-09-06T13:07:58.750+0100,-0.757,3.901,8.909
2830,2024-09-06T13:07:58.883+0100,-0.708,3.857,9.001
2830,2024-09-06T13:07:59.014+0100,-0.806,3.901,8.911
2830,2024-09-06T13:07:59.150+0100,-0.719,3.834,8.984
2830,2024-09-06T13:07:59.281+0100,-0.799,3.855,8.986
2830,2024-09-06T13:07:59.417+0100,-0.744,3.833,8.977
2830,2024-09-06T13:07:59.551+0100,-0.744,3.8,8.983
2830,2024-09-06T13:07:59.682+0100,-0.779,3.841,8.983
2830,2024-09-06T13:07:59.814+0100,-0.731,3.79,8.922
2830,2024-09-06T13:07:59.946+0100,-0.732,3.788,9.072
2830,2024-09-06T13:08:00.079+0100,-0.73,3.773,8.97
2830,2024-09-06T13:08:00.212+0100,-0.745,3.812,8.941
2830,2024-09-06T13:08:00.350+0100,-0.697,3.79,8.993
2830,2024-09-06T13:08:00.482+0100,-0.719,3.812,8.974
2830,2024-09-06T13:08:00.618+0100,-0.663,3.782,8.974
2830,2024-09-06T13:08:00.745+0100,-0.766,3.831,9.019
2830,2024-09-06T13:08:00.882+0100,-0.881,3.848,9.0
2830,2024-09-06T13:08:25.112+0100,-1.807,3.84,8.863
2830,2024-09-06T13:08:25.244+0100,-1.875,3.836,8.823
2830,2024-09-06T13:08:25.377+0100,-1.773,3.8,8.835
2830,2024-09-06T13:08:25.512+0100,-1.708,3.717,8.946
2830,2024-09-06T13:08:25.646+0100,-1.603,3.711,8.922
2830,2024-09-06T13:08:25.776+0100,-1.516,3.647,9.027
2830,2024-09-06T13:08:25.910+0100,-1.359,3.689,8.99
2830,2024-09-06T13:08:26.043+0100,-1.129,3.622,8.973
2830,2024-09-06T13:08:26.178+0100,-1.143,3.681,8.98
2830,2024-09-06T13:08:26.310+0100,-1.161,3.676,8.953
2830,2024-09-06T13:08:26.446+0100,-1.192,3.673,8.975
2830,2024-09-06T13:08:26.576+0100,-1.231,3.671,8.972
2830,2024-09-06T13:08:26.709+0100,-1.098,3.618,9.104
2830,2024-09-06T13:08:26.842+0100,-0.816,3.511,9.09
2830,2024-09-06T13:08:26.978+0100,-1.332,3.665,8.888
2830,2024-09-06T13:08:27.112+0100,-1.544,3.701,8.953
2830,2024-09-06T13:08:27.245+0100,-1.505,3.645,9.022
2830,2024-09-06T13:08:27.376+0100,-1.594,3.671,8.797
2830,2024-09-06T13:08:27.509+0100,-1.589,3.642,9.067
2830,2024-09-06T13:08:27.640+0100,-1.482,3.611,8.98
2830,2024-09-06T13:08:27.773+0100,-1.594,3.647,8.767
2830,2024-09-06T13:08:27.909+0100,-1.585,3.608,9.034
2830,2024-09-06T13:08:28.040+0100,-1.521,3.597,8.967
2830,2024-09-06T13:08:28.175+0100,-1.499,3.586,8.944
2830,2024-09-06T13:08:28.308+0100,-1.535,3.616,8.911
2830,2024-09-06T13:08:28.445+0100,-1.472,3.556,8.995
2830,2024-09-06T13:08:28.576+0100,-1.521,3.552,9.035
2830,2024-09-06T13:08:28.707+0100,-1.515,3.578,8.758
2830,2024-09-06T13:08:28.842+0100,-1.489,3.538,9.047
2830,2024-09-06T13:08:28.974+0100,-1.52,3.514,9.044
2830,2024-09-06T13:08:29.107+0100,-1.463,3.548,9.029
2830,2024-09-06T13:08:29.239+0100,-1.007,3.441,9.021
2830,2024-09-06T13:08:29.373+0100,-1.242,3.474,9.113
2830,2024-09-06T13:08:29.505+0100,-1.181,3.437,9.212
2830,2024-09-06T13:08:29.638+0100,-1.213,3.486,8.873
2830,2024-09-06T13:08:29.774+0100,-1.1,3.493,9.102
2830,2024-09-06T13:08:29.905+0100,-1.001,3.437,9.081
2830,2024-09-06T13:08:30.038+0100,-0.802,3.335,9.239
2830,2024-09-06T13:08:30.172+0100,-0.863,3.379,9.108
2830,2024-09-06T13:08:30.303+0100,-0.8,3.268,9.252
2830,2024-09-06T13:08:30.436+0100,-1.315,3.405,9.001
2830,2024-09-06T13:08:30.569+0100,-1.172,3.202,8.951
2830,2024-09-06T13:08:30.703+0100,-0.748,2.986,9.473
2830,2024-09-06T13:08:30.841+0100,0.096,2.837,9.284
2830,2024-09-06T13:08:30.970+0100,0.352,3.067,8.913
2830,2024-09-06T13:08:31.104+0100,-0.531,3.275,9.419
2830,2024-09-06T13:08:31.238+0100,-0.217,3.142,9.398
2830,2024-09-06T13:08:31.370+0100,-0.354,3.054,9.412
2830,2024-09-06T13:08:31.503+0100,-0.924,3.202,9.584
2830,2024-09-06T13:08:31.639+0100,-0.674,3.319,9.471
2830,2024-09-06T13:08:31.785+0100,0.194,3.725,8.63
2830,2024-09-06T13:08:31.920+0100,1.143,3.806,9.537
2830,2024-09-06T13:08:32.053+0100,0.522,4.734,8.835
2830,2024-09-06T13:08:32.186+0100,0.946,4.81,8.717
2830,2024-09-06T13:08:32.331+0100,0.683,4.755,8.443
2830,2024-09-06T13:08:32.450+0100,0.063,4.18,7.951
2830,2024-09-06T13:08:32.609+0100,0.268,2.323,10.147
2830,2024-09-06T13:08:32.717+0100,-0.968,1.992,10.189
2830,2024-09-06T13:08:32.849+0100,-1.339,2.43,9.535
2830,2024-09-06T13:08:32.984+0100,-1.437,2.773,9.051
2830,2024-09-06T13:08:33.116+0100,-1.381,2.785,9.258
2830,2024-09-06T13:08:33.249+0100,-1.506,2.97,8.937
2830,2024-09-06T13:08:33.382+0100,-1.414,2.935,9.288
2830,2024-09-06T13:08:33.518+0100,-1.164,2.942,9.334
2830,2024-09-06T13:08:33.652+0100,-1.472,3.133,9.114
2830,2024-09-06T13:08:33.783+0100,-1.561,3.092,9.228
2830,2024-09-06T13:08:33.917+0100,-1.567,3.095,8.986
2830,2024-09-06T13:08:34.048+0100,-1.594,2.889,9.371
2830,2024-09-06T13:08:34.183+0100,-1.069,2.647,9.571
2830,2024-09-06T13:08:34.315+0100,-0.881,3.229,9.237
2830,2024-09-06T13:08:34.449+0100,-1.217,3.066,9.238
2830,2024-09-06T13:08:34.581+0100,-1.305,2.733,9.374
2830,2024-09-06T13:08:34.715+0100,-1.267,2.865,9.291
2830,2024-09-06T13:08:34.847+0100,-1.432,2.994,9.169
2830,2024-09-06T13:08:34.981+0100,-1.215,3.436,8.776
2830,2024-09-06T13:08:35.141+0100,-1.369,3.296,8.949
2830,2024-09-06T13:08:35.284+0100,-1.347,2.816,9.498
2830,2024-09-06T13:08:35.379+0100,-1.206,2.754,9.526
2830,2024-09-06T13:08:35.514+0100,-1.141,3.02,9.108
2830,2024-09-06T13:08:35.647+0100,-1.258,3.156,8.919
2830,2024-09-06T13:08:35.783+0100,-1.199,3.057,9.191
2830,2024-09-06T13:08:35.913+0100,-1.217,3.121,9.122
2830,2024-09-06T13:08:36.097+0100,-1.181,3.364,8.911
2830,2024-09-06T13:08:36.231+0100,-1.065,3.316,9.017
2830,2024-09-06T13:08:36.362+0100,-1.182,3.349,9.0
2830,2024-09-06T13:08:36.496+0100,-1.009,3.378,9.207
2830,2024-09-06T13:08:36.630+0100,-1.102,3.352,9.086
2830,2024-09-06T13:08:36.762+0100,-1.063,3.394,9.29
2830,2024-09-06T13:08:36.896+0100,-1.28,3.511,9.02
2830,2024-09-06T13:08:37.030+0100,-1.012,3.408,9.179
2830,2024-09-06T13:08:37.162+0100,-1.037,3.41,9.009
2830,2024-09-06T13:08:37.296+0100,-1.146,3.441,9.154
2830,2024-09-06T13:08:37.427+0100,-1.284,3.432,9.15
2830,2024-09-06T13:08:37.561+0100,-0.949,3.379,9.39
2830,2024-09-06T13:08:37.693+0100,-0.934,3.656,8.792
2830,2024-09-06T13:08:37.826+0100,-0.96,3.674,8.902
2830,2024-09-06T13:08:37.960+0100,-0.935,3.579,9.063
2830,2024-09-06T13:08:38.094+0100,-0.964,3.508,9.083
2830,2024-09-06T13:08:38.228+0100,-1.049,3.647,9.422
2830,2024-09-06T13:08:38.359+0100,-0.861,3.616,9.084
2830,2024-09-06T13:08:38.492+0100,-0.924,3.76,8.65
2830,2024-09-06T13:08:38.627+0100,-0.875,3.653,8.95
2830,2024-09-06T13:08:38.759+0100,-0.836,3.521,9.054
2830,2024-09-06T13:08:38.893+0100,-1.043,3.601,9.368
2830,2024-09-06T13:08:39.025+0100,-0.854,3.555,9.062
2830,2024-09-06T13:08:39.158+0100,-0.918,3.784,8.911
2830,2024-09-06T13:08:39.292+0100,-0.857,3.857,9.05
2830,2024-09-06T13:08:39.424+0100,-0.477,3.83,8.998
2830,2024-09-06T13:08:39.558+0100,-0.696,4.108,8.971
2830,2024-09-06T13:08:39.691+0100,-0.578,4.186,8.779
2830,2024-09-06T13:08:39.824+0100,-0.891,4.437,9.007
2830,2024-09-06T13:08:39.957+0100,-1.19,3.443,9.268
2830,2024-09-06T13:08:40.091+0100,-1.26,3.689,8.833
2830,2024-09-06T13:08:40.224+0100,-0.855,3.629,8.745
2830,2024-09-06T13:08:40.356+0100,-1.094,4.024,8.858
2830,2024-09-06T13:08:40.489+0100,-0.956,3.93,9.086
2830,2024-09-06T13:08:40.623+0100,-0.686,3.751,9.002
2830,2024-09-06T13:08:40.755+0100,-0.855,3.952,9.01
2830,2024-09-06T13:08:40.890+0100,-0.746,3.574,9.163
2830,2024-09-06T13:08:41.023+0100,-0.81,3.555,9.107
2830,2024-09-06T13:08:41.157+0100,-0.766,3.58,9.333
2830,2024-09-06T13:08:41.289+0100,-0.818,3.352,9.968
2830,2024-09-06T13:08:41.422+0100,-0.64,3.207,9.434
2830,2024-09-06T13:08:41.555+0100,-1.267,3.204,9.196
2830,2024-09-06T13:08:41.690+0100,-1.91,3.622,8.527
2830,2024-09-06T13:08:41.821+0100,-2.192,3.945,8.326
2830,2024-09-06T13:08:41.954+0100,-1.987,3.89,8.328
2830,2024-09-06T13:08:42.088+0100,-1.646,3.683,9.004
2830,2024-09-06T13:08:42.222+0100,-2.012,4.047,8.696
2830,2024-09-06T13:08:42.354+0100,-1.871,3.999,8.791
2830,2024-09-06T13:08:42.495+0100,-1.884,3.915,8.733
2830,2024-09-06T13:08:42.621+0100,-1.818,3.839,8.73
2830,2024-09-06T13:08:42.759+0100,-1.75,3.744,8.841
2830,2024-09-06T13:08:42.888+0100,-1.857,3.61,8.898
2830,2024-09-06T13:08:43.019+0100,-1.821,3.568,9.028
2830,2024-09-06T13:08:43.152+0100,-1.838,3.462,9.094
2830,2024-09-06T13:08:43.288+0100,-1.85,3.434,9.005
2830,2024-09-06T13:08:43.419+0100,-1.872,3.403,9.006
2830,2024-09-06T13:08:43.555+0100,-1.808,3.404,8.958
2830,2024-09-06T13:08:43.687+0100,-1.859,3.356,9.081
2830,2024-09-06T13:08:43.818+0100,-1.844,3.395,9.002
2830,2024-09-06T13:08:43.953+0100,-1.814,3.372,8.999
2830,2024-09-06T13:08:44.084+0100,-1.832,3.36,9.027
2830,2024-09-06T13:08:44.217+0100,-1.822,3.367,9.044
2830,2024-09-06T13:08:44.351+0100,-1.762,3.371,8.944
2830,2024-09-06T13:08:44.484+0100,-1.817,3.338,9.078
2830,2024-09-06T13:08:44.618+0100,-2.141,3.389,8.93
2830,2024-09-06T13:08:44.751+0100,-2.183,3.096,9.045
2830,2024-09-06T13:08:44.883+0100,-2.503,3.269,9.045
2830,2024-09-06T13:08:45.018+0100,-2.41,3.272,8.902
2830,2024-09-06T13:08:45.149+0100,-2.357,3.339,8.764
2830,2024-09-06T13:08:45.283+0100,-1.999,3.199,9.043
2830,2024-09-06T13:08:45.416+0100,-1.607,3.092,9.244
2830,2024-09-06T13:08:45.554+0100,-1.316,3.001,9.159
2830,2024-09-06T13:08:45.683+0100,-0.983,3.038,9.165
2830,2024-09-06T13:08:45.815+0100,-1.021,3.073,9.193
2830,2024-09-06T13:08:45.950+0100,-1.169,3.101,9.252
2830,2024-09-06T13:08:46.087+0100,-1.046,2.946,9.31
2830,2024-09-06T13:08:46.219+0100,-1.232,2.94,9.378
2830,2024-09-06T13:08:46.348+0100,-1.351,3.084,9.029
2830,2024-09-06T13:08:46.483+0100,-1.449,2.986,9.248
2830,2024-09-06T13:08:46.614+0100,-1.483,2.942,9.244
2830,2024-09-06T13:08:46.747+0100,-1.488,2.962,9.16
2830,2024-09-06T13:08:46.884+0100,-1.506,2.916,9.206
2830,2024-09-06T13:08:47.016+0100,-1.533,2.876,9.239
2830,2024-09-06T13:08:47.149+0100,-1.661,2.885,9.23
2830,2024-09-06T13:08:47.280+0100,-1.72,2.922,9.136
2830,2024-09-06T13:08:47.414+0100,-1.794,2.879,9.138
2830,2024-09-06T13:08:47.547+0100,-1.845,2.86,9.235
2830,2024-09-06T13:08:47.681+0100,-1.935,2.911,9.108
2830,2024-09-06T13:08:47.813+0100,-1.89,2.877,9.184
2830,2024-09-06T13:08:47.945+0100,-1.942,2.876,9.114
2830,2024-09-06T13:08:48.079+0100,-1.915,2.897,9.172
2830,2024-09-06T13:08:48.213+0100,-1.866,2.895,9.197
2830,2024-09-06T13:08:48.345+0100,-1.921,2.905,9.135
2830,2024-09-06T13:08:48.484+0100,-1.907,2.889,9.15
2830,2024-09-06T13:08:48.612+0100,-1.873,2.892,9.151
2830,2024-09-06T13:08:48.745+0100,-1.87,2.899,9.163
2830,2024-09-06T13:08:48.879+0100,-1.86,2.915,9.124
2830,2024-09-06T13:08:49.013+0100,-1.87,2.903,9.19
2830,2024-09-06T13:08:49.145+0100,-1.878,2.887,9.201
2830,2024-09-06T13:08:49.279+0100,-1.893,2.927,9.111
2830,2024-09-06T13:08:49.411+0100,-1.942,2.92,9.148
2830,2024-09-06T13:08:49.544+0100,-1.981,3.007,9.118
2830,2024-09-06T13:08:49.676+0100,-1.995,2.968,9.11
2830,2024-09-06T13:08:49.826+0100,-2.0,2.998,9.088
2830,2024-09-06T13:08:49.943+0100,-1.953,2.961,9.134
2830,2024-09-06T13:08:50.080+0100,-1.924,2.956,9.141
2830,2024-09-06T13:08:50.209+0100,-1.875,2.948,9.133
2830,2024-09-06T13:08:50.343+0100,-1.832,2.951,9.111
2830,2024-09-06T13:08:50.476+0100,-1.794,2.935,9.172
2830,2024-09-06T13:08:50.610+0100,-1.799,2.922,9.13
2830,2024-09-06T13:08:50.742+0100,-1.795,2.912,9.165
2830,2024-09-06T13:08:50.880+0100,-1.729,2.894,9.196
2830,2024-09-06T13:08:51.010+0100,-1.738,2.893,9.213
2830,2024-09-06T13:08:51.142+0100,-1.734,2.867,9.204
2830,2024-09-06T13:08:51.275+0100,-1.647,2.867,9.179
2830,2024-09-06T13:08:51.408+0100,-1.672,2.837,9.244
2830,2024-09-06T13:08:51.541+0100,-1.834,2.885,9.16
2830,2024-09-06T13:08:51.682+0100,-1.458,2.727,9.299
2830,2024-09-06T13:08:51.809+0100,-1.439,2.701,9.304
2830,2024-09-06T13:08:51.942+0100,-1.533,2.673,9.27
2830,2024-09-06T13:08:52.075+0100,-1.593,2.731,9.312
2830,2024-09-06T13:08:52.209+0100,-1.524,2.688,9.237
2830,2024-09-06T13:08:52.341+0100,-1.58,2.679,9.293
2830,2024-09-06T13:08:52.473+0100,-1.574,2.69,9.257
2830,2024-09-06T13:08:52.608+0100,-1.577,2.668,9.322
2830,2024-09-06T13:08:52.740+0100,-1.579,2.679,9.262
2830,2024-09-06T13:08:52.873+0100,-1.617,2.675,9.288
2830,2024-09-06T13:08:53.007+0100,-1.571,2.664,9.239
2830,2024-09-06T13:08:53.138+0100,-1.599,2.657,9.329
2830,2024-09-06T13:08:53.272+0100,-1.54,2.678,9.322
2830,2024-09-06T13:08:53.405+0100,-1.526,2.667,9.234
2830,2024-09-06T13:08:53.539+0100,-1.564,2.658,9.313
2830,2024-09-06T13:08:53.672+0100,-1.541,2.641,9.334
2830,2024-09-06T13:08:53.805+0100,-1.512,2.647,9.253
2830,2024-09-06T13:08:53.938+0100,-1.541,2.649,9.281
2830,2024-09-06T13:08:54.071+0100,-1.547,2.652,9.304
2830,2024-09-06T13:08:54.232+0100,-1.536,2.624,9.309
2830,2024-09-06T13:08:54.337+0100,-1.547,2.629,9.306
2830,2024-09-06T13:08:54.470+0100,-1.545,2.639,9.33
2830,2024-09-06T13:08:54.604+0100,-1.563,2.643,9.262
2830,2024-09-06T13:08:54.738+0100,-1.52,2.659,9.318
2830,2024-09-06T13:08:54.871+0100,-1.552,2.632,9.325
2830,2024-09-06T13:08:55.004+0100,-1.558,2.633,9.307
2830,2024-09-06T13:08:55.139+0100,-1.558,2.657,9.252
2830,2024-09-06T13:08:55.271+0100,-1.603,2.661,9.297
2830,2024-09-06T13:08:55.406+0100,-1.54,2.623,9.263
2830,2024-09-06T13:08:55.539+0100,-2.045,2.813,9.141
2830,2024-09-06T13:08:55.671+0100,-2.705,2.951,8.965
2830,2024-09-06T13:08:55.804+0100,-2.828,3.022,8.747
2830,2024-09-06T13:08:55.936+0100,-2.52,2.905,9.015
2830,2024-09-06T13:08:56.071+0100,-2.506,2.856,9.084
2830,2024-09-06T13:08:56.202+0100,-2.453,2.855,9.059
2830,2024-09-06T13:08:56.336+0100,-2.306,2.813,9.061
2830,2024-09-06T13:08:56.470+0100,-2.267,2.821,9.19
2830,2024-09-06T13:08:56.601+0100,-2.136,2.874,9.118
2830,2024-09-06T13:08:56.735+0100,-1.895,2.858,9.12
2830,2024-09-06T13:08:56.868+0100,-1.854,2.861,9.22
2830,2024-09-06T13:08:57.001+0100,-2.025,2.941,9.159
2830,2024-09-06T13:08:57.135+0100,-2.132,3.002,9.051
2830,2024-09-06T13:08:57.266+0100,-2.058,3.011,9.01
2830,2024-09-06T13:08:57.400+0100,-2.004,2.969,9.173
2830,2024-09-06T13:08:57.534+0100,-2.343,3.085,8.705
2830,2024-09-06T13:08:57.667+0100,-2.212,3.01,9.096
2830,2024-09-06T13:08:57.807+0100,-2.14,3.005,9.07
2830,2024-09-06T13:08:57.934+0100,-2.204,3.011,9.044
2830,2024-09-06T13:08:58.066+0100,-2.254,2.975,9.169
2830,2024-09-06T13:08:58.200+0100,-1.645,2.775,9.181
2830,2024-09-06T13:08:58.334+0100,-1.643,2.749,9.394
2830,2024-09-06T13:08:58.466+0100,-1.76,2.809,9.242
2830,2024-09-06T13:08:58.605+0100,-1.493,2.809,9.094
2830,2024-09-06T13:08:58.732+0100,-1.447,2.713,9.41
2830,2024-09-06T13:08:58.867+0100,-1.255,2.625,9.343
2830,2024-09-06T13:08:58.998+0100,-1.098,2.56,9.374
2830,2024-09-06T13:08:59.131+0100,-1.016,2.505,9.369
2830,2024-09-06T13:08:59.275+0100,-1.19,2.601,9.374
2830,2024-09-06T13:08:59.396+0100,-1.152,2.579,9.37
2830,2024-09-06T13:08:59.530+0100,-1.08,2.541,9.333
2830,2024-09-06T13:08:59.663+0100,-1.159,2.55,9.437
2830,2024-09-06T13:08:59.796+0100,-1.117,2.527,9.381
2830,2024-09-06T13:08:59.930+0100,-1.123,2.594,9.396
2830,2024-09-06T13:09:00.064+0100,-1.15,2.593,9.4
2830,2024-09-06T13:09:00.200+0100,-1.186,2.629,9.379
2830,2024-09-06T13:09:00.344+0100,-1.169,2.674,9.285
2830,2024-09-06T13:09:00.462+0100,-1.199,2.664,9.394
2830,2024-09-06T13:09:00.595+0100,-1.202,2.693,9.314
2830,2024-09-06T13:09:00.728+0100,-1.225,2.729,9.287
2830,2024-09-06T13:09:00.862+0100,-1.197,2.737,9.229
2830,2024-09-06T13:09:00.995+0100,-1.307,2.755,9.21
2830,2024-09-06T13:09:01.128+0100,-1.421,2.73,9.286
2830,2024-09-06T13:09:01.263+0100,-1.499,2.742,9.31
2830,2024-09-06T13:09:01.398+0100,-1.679,2.755,9.284
2830,2024-09-06T13:09:01.528+0100,-1.734,2.789,9.265
2830,2024-09-06T13:09:01.661+0100,-1.675,2.787,9.217
2830,2024-09-06T13:09:01.795+0100,-1.757,2.81,9.193
2830,2024-09-06T13:09:01.927+0100,-1.859,2.82,9.15
2830,2024-09-06T13:09:02.060+0100,-1.858,2.809,9.205
2830,2024-09-06T13:09:02.194+0100,-1.778,2.726,9.215
2830,2024-09-06T13:09:02.326+0100,-1.81,2.73,9.269
2830,2024-09-06T13:09:02.460+0100,-1.765,2.748,9.214
2830,2024-09-06T13:09:02.594+0100,-1.845,2.795,9.165
2830,2024-09-06T13:09:02.741+0100,-1.805,2.772,9.214
2830,2024-09-06T13:09:02.859+0100,-1.88,2.794,9.156
2830,2024-09-06T13:09:02.992+0100,-1.932,2.816,9.15
2830,2024-09-06T13:09:03.126+0100,-1.914,2.797,9.234
2830,2024-09-06T13:09:03.261+0100,-1.956,2.828,9.108
2830,2024-09-06T13:09:03.393+0100,-1.8,2.742,9.175
2830,2024-09-06T13:09:03.526+0100,-1.898,2.786,9.193
2830,2024-09-06T13:09:03.659+0100,-1.975,2.812,9.074
2830,2024-09-06T13:09:03.794+0100,-1.759,2.786,9.082
2830,2024-09-06T13:09:03.926+0100,-1.893,2.774,9.288
2830,2024-09-06T13:09:04.059+0100,-1.886,2.737,9.196
2830,2024-09-06T13:09:04.192+0100,-1.782,2.692,9.229
2830,2024-09-06T13:09:04.325+0100,-1.933,2.771,9.245
2830,2024-09-06T13:09:04.458+0100,-1.875,2.689,9.348
2830,2024-09-06T13:09:04.592+0100,-1.781,2.687,9.16
2830,2024-09-06T13:09:04.725+0100,-1.876,2.69,9.306
2830,2024-09-06T13:09:04.858+0100,-1.817,2.681,9.26
2830,2024-09-06T13:09:04.991+0100,-1.767,2.67,9.135
2830,2024-09-06T13:09:05.124+0100,-1.741,2.645,9.271
2830,2024-09-06T13:09:05.257+0100,-2.034,2.831,9.055
2830,2024-09-06T13:09:05.390+0100,-1.791,2.71,9.313
2830,2024-09-06T13:09:05.525+0100,-1.843,2.765,9.089
2830,2024-09-06T13:09:05.655+0100,-1.97,2.763,9.315
2830,2024-09-06T13:09:05.792+0100,-1.924,2.727,8.995
2830,2024-09-06T13:09:05.921+0100,-1.844,2.704,9.362
2830,2024-09-06T13:09:06.054+0100,-1.854,2.684,9.127
2830,2024-09-06T13:09:06.190+0100,-1.866,2.686,9.319
2830,2024-09-06T13:09:06.323+0100,-1.763,2.654,9.273
2830,2024-09-06T13:09:06.456+0100,-1.765,2.69,9.296
2830,2024-09-06T13:09:06.588+0100,-1.762,2.8,9.182
2830,2024-09-06T13:09:06.721+0100,-1.935,3.059,9.058
2830,2024-09-06T13:09:06.855+0100,-2.121,3.124,9.029
2830,2024-09-06T13:09:06.987+0100,-2.122,3.078,9.198
2830,2024-09-06T13:09:07.130+0100,-2.045,3.112,8.928
2830,2024-09-06T13:09:07.254+0100,-2.053,2.997,9.106
2830,2024-09-06T13:09:07.387+0100,-1.875,2.968,9.111
2830,2024-09-06T13:09:07.519+0100,-1.61,2.864,9.309
2830,2024-09-06T13:09:07.654+0100,-1.895,2.986,9.274
2830,2024-09-06T13:09:07.786+0100,-1.756,2.959,9.106
2830,2024-09-06T13:09:07.920+0100,-1.914,3.076,9.094
2830,2024-09-06T13:09:08.052+0100,-1.984,3.15,9.053
2830,2024-09-06T13:09:08.185+0100,-1.802,3.074,9.102
2830,2024-09-06T13:09:08.318+0100,-1.845,3.058,9.132
2830,2024-09-06T13:09:08.452+0100,-1.834,3.048,9.199
2830,2024-09-06T13:09:08.585+0100,-1.791,3.047,9.078
2830,2024-09-06T13:09:08.718+0100,-1.797,3.008,9.212
2830,2024-09-06T13:09:08.852+0100,-1.756,3.021,8.993
2830,2024-09-06T13:09:08.987+0100,-1.797,3.022,9.146
2830,2024-09-06T13:09:09.118+0100,-1.786,3.017,9.182
2830,2024-09-06T13:09:09.252+0100,-1.725,2.995,9.133
2830,2024-09-06T13:09:09.384+0100,-1.772,2.975,9.178
2830,2024-09-06T13:09:09.518+0100,-1.683,2.918,9.175
2830,2024-09-06T13:09:09.650+0100,-1.638,2.944,9.261
2830,2024-09-06T13:09:09.783+0100,-2.367,3.177,9.054
2830,2024-09-06T13:09:09.919+0100,-3.065,3.31,8.74
2830,2024-09-06T13:09:10.049+0100,-3.123,3.398,8.655
2830,2024-09-06T13:09:10.183+0100,-3.124,3.437,8.537
2830,2024-09-06T13:09:10.317+0100,-2.955,3.413,8.657
2830,2024-09-06T13:09:10.451+0100,-2.387,3.239,8.818
2830,2024-09-06T13:09:10.584+0100,-1.868,2.978,9.184
2830,2024-09-06T13:09:10.731+0100,-1.908,2.984,9.296
2830,2024-09-06T13:09:10.850+0100,-1.82,2.923,9.197
2830,2024-09-06T13:09:10.982+0100,-1.919,3.054,9.195
2830,2024-09-06T13:09:11.116+0100,-3.026,3.465,8.733
2830,2024-09-06T13:09:11.250+0100,-3.489,3.5,8.38
2830,2024-09-06T13:09:11.382+0100,-3.559,3.639,8.391
2830,2024-09-06T13:09:11.520+0100,-3.41,3.668,8.273
2830,2024-09-06T13:09:11.648+0100,-3.2,3.508,8.506
2830,2024-09-06T13:09:11.780+0100,-2.408,3.264,9.017
2830,2024-09-06T13:09:11.915+0100,-1.926,3.139,9.154
2830,2024-09-06T13:09:12.049+0100,-1.602,3.056,9.187
2830,2024-09-06T13:09:12.183+0100,-1.688,2.883,9.179
2830,2024-09-06T13:09:12.314+0100,-2.507,3.095,8.731
2830,2024-09-06T13:09:12.450+0100,-2.48,3.095,9.136
2830,2024-09-06T13:09:12.580+0100,-2.343,3.17,8.99
2830,2024-09-06T13:09:12.713+0100,-2.274,3.24,8.706
2830,2024-09-06T13:09:12.846+0100,-1.637,3.032,9.09
2830,2024-09-06T13:09:12.980+0100,-1.07,2.817,9.246
2830,2024-09-06T13:09:13.113+0100,-0.82,2.757,9.364
2830,2024-09-06T13:09:13.246+0100,-0.677,2.686,9.409
2830,2024-09-06T13:09:13.379+0100,-0.843,2.74,9.307
2830,2024-09-06T13:09:13.513+0100,-1.277,2.872,9.44
2830,2024-09-06T13:09:13.646+0100,-0.939,2.66,9.248
2830,2024-09-06T13:09:13.777+0100,-0.544,2.409,9.739
2830,2024-09-06T13:09:13.912+0100,-0.02,3.105,9.714
2830,2024-09-06T13:09:14.010+0100,-0.968,2.667,9.59
2830,2024-09-06T13:09:14.146+0100,-1.072,3.191,9.388
2830,2024-09-06T13:09:14.277+0100,-1.968,3.591,9.357
2830,2024-09-06T13:09:14.413+0100,-1.501,3.514,9.265
2830,2024-09-06T13:09:14.545+0100,-0.66,3.773,8.348
2830,2024-09-06T13:09:14.692+0100,-1.251,4.15,7.782
2830,2024-09-06T13:09:14.811+0100,-1.186,3.947,7.966
2830,2024-09-06T13:09:14.943+0100,-1.979,2.743,11.18
2830,2024-09-06T13:09:15.077+0100,-1.903,3.039,9.588
2830,2024-09-06T13:09:15.211+0100,-2.111,3.335,10.467
2830,2024-09-06T13:09:15.343+0100,-1.131,3.262,10.532
2830,2024-09-06T13:09:15.490+0100,-0.921,3.119,8.909
2830,2024-09-06T13:09:15.610+0100,-0.298,2.848,8.777
2830,2024-09-06T13:09:15.744+0100,0.217,3.578,7.585
2830,2024-09-06T13:09:15.877+0100,-0.465,4.208,6.895
2830,2024-09-06T13:09:16.008+0100,-1.42,4.302,9.164
2830,2024-09-06T13:09:16.143+0100,-1.254,4.076,10.285
2830,2024-09-06T13:09:16.276+0100,-0.525,4.007,8.565
2830,2024-09-06T13:09:16.409+0100,-0.827,3.904,9.194
2830,2024-09-06T13:09:16.541+0100,-0.67,3.762,8.946
2830,2024-09-06T13:09:16.675+0100,-0.659,3.625,9.084
2830,2024-09-06T13:09:16.809+0100,-0.504,3.589,9.221
2830,2024-09-06T13:09:16.942+0100,-0.49,3.522,8.861
2830,2024-09-06T13:09:17.074+0100,-0.8,3.468,9.355
2830,2024-09-06T13:09:17.207+0100,-0.617,3.462,9.118
2830,2024-09-06T13:09:17.342+0100,-0.623,3.441,9.234
2830,2024-09-06T13:09:17.475+0100,-0.807,3.508,8.993
2830,2024-09-06T13:09:17.608+0100,-0.471,3.428,9.111
2830,2024-09-06T13:09:17.741+0100,-0.839,3.496,9.076
2830,2024-09-06T13:09:17.874+0100,-0.74,3.47,9.166
2830,2024-09-06T13:09:18.006+0100,-0.748,3.465,9.181
2830,2024-09-06T13:09:18.140+0100,-0.806,3.48,9.084
2830,2024-09-06T13:09:18.321+0100,-0.843,3.426,9.34
2830,2024-09-06T13:09:18.455+0100,-0.83,3.491,9.031
2830,2024-09-06T13:09:18.587+0100,-0.713,3.444,9.282
2830,2024-09-06T13:09:18.723+0100,-0.787,3.516,8.998
2830,2024-09-06T13:09:18.855+0100,-0.759,3.45,9.124
2830,2024-09-06T13:09:18.989+0100,-0.753,3.492,9.168
2830,2024-09-06T13:09:19.121+0100,-0.727,3.474,9.129
2830,2024-09-06T13:09:19.255+0100,-0.796,3.498,9.126
2830,2024-09-06T13:09:19.387+0100,-0.762,3.498,8.997
2830,2024-09-06T13:09:19.526+0100,-0.804,3.407,9.159
2830,2024-09-06T13:09:19.654+0100,-0.86,3.35,9.042
2830,2024-09-06T13:09:19.788+0100,-0.913,3.407,9.217
2830,2024-09-06T13:09:19.920+0100,-0.698,3.407,9.133
2830,2024-09-06T13:09:20.053+0100,-0.564,3.414,9.145
2830,2024-09-06T13:09:20.187+0100,-0.392,3.501,9.083
2830,2024-09-06T13:09:20.325+0100,-0.285,3.525,9.062
2830,2024-09-06T13:09:20.452+0100,-0.385,3.368,9.24
2830,2024-09-06T13:09:20.587+0100,-0.697,3.249,9.232
2830,2024-09-06T13:09:20.719+0100,-0.663,3.206,9.214
2830,2024-09-06T13:09:20.853+0100,-0.916,3.242,9.203
2830,2024-09-06T13:09:20.985+0100,-0.979,3.175,9.211
2830,2024-09-06T13:09:21.120+0100,-1.226,3.217,9.238
2830,2024-09-06T13:09:21.255+0100,-1.696,3.431,8.831
2830,2024-09-06T13:09:21.386+0100,-1.339,3.71,9.028
2830,2024-09-06T13:09:21.519+0100,-2.0,3.647,8.823
2830,2024-09-06T13:09:21.653+0100,-1.594,3.741,8.841
2830,2024-09-06T13:09:21.784+0100,-1.694,3.607,9.011
2830,2024-09-06T13:09:21.917+0100,-1.922,3.618,8.936
2830,2024-09-06T13:09:22.051+0100,-1.715,3.595,9.05
2830,2024-09-06T13:09:22.183+0100,-1.644,3.628,8.82
2830,2024-09-06T13:09:22.317+0100,-1.659,3.591,8.984
2830,2024-09-06T13:09:22.450+0100,-1.656,3.639,9.004
2830,2024-09-06T13:09:22.583+0100,-1.521,3.685,8.8
2830,2024-09-06T13:09:22.719+0100,-1.4,3.515,9.232
2830,2024-09-06T13:09:22.852+0100,-1.418,3.62,8.909
2830,2024-09-06T13:09:22.984+0100,-1.353,3.68,8.982
2830,2024-09-06T13:09:23.115+0100,-1.337,3.539,8.979
2830,2024-09-06T13:09:23.250+0100,-1.422,3.561,9.081
2830,2024-09-06T13:09:23.383+0100,-1.44,3.525,9.049
2830,2024-09-06T13:09:23.516+0100,-1.22,3.638,9.22
2830,2024-09-06T13:09:23.649+0100,-1.268,3.663,8.55
2830,2024-09-06T13:09:23.783+0100,-0.888,3.544,9.161
2830,2024-09-06T13:09:23.915+0100,-1.055,3.497,9.382
2830,2024-09-06T13:09:24.048+0100,-0.533,3.368,8.952
2830,2024-09-06T13:09:24.183+0100,-0.718,3.356,9.394
2830,2024-09-06T13:09:24.315+0100,-0.613,3.444,9.032
2830,2024-09-06T13:09:24.452+0100,-0.632,3.395,9.102
2830,2024-09-06T13:09:24.580+0100,-0.79,3.368,9.322
2830,2024-09-06T13:09:24.714+0100,-0.689,3.399,8.916
2830,2024-09-06T13:09:24.847+0100,-0.879,3.517,9.264
2830,2024-09-06T13:09:24.980+0100,-0.814,3.475,9.129
2830,2024-09-06T13:09:25.115+0100,-0.628,3.43,9.025
2830,2024-09-06T13:09:25.247+0100,-0.836,3.463,9.268
2830,2024-09-06T13:09:25.382+0100,-0.875,3.489,9.138
2830,2024-09-06T13:09:25.513+0100,-0.775,3.607,8.83
2830,2024-09-06T13:09:25.646+0100,-0.721,3.447,9.275
2830,2024-09-06T13:09:25.780+0100,-0.738,3.496,9.125
2830,2024-09-06T13:09:25.912+0100,-0.714,3.467,9.203
2830,2024-09-06T13:09:26.046+0100,-0.901,3.622,8.873
2830,2024-09-06T13:09:26.179+0100,-0.9,3.433,9.217
2830,2024-09-06T13:09:26.311+0100,-0.893,3.471,9.121
2830,2024-09-06T13:09:26.447+0100,-0.955,3.466,9.134
2830,2024-09-06T13:09:26.577+0100,-0.872,3.461,9.145
2830,2024-09-06T13:09:26.711+0100,-0.922,3.453,9.163
2830,2024-09-06T13:09:26.846+0100,-0.872,3.475,9.117
2830,2024-09-06T13:09:26.979+0100,-0.8,3.441,9.133
2830,2024-09-06T13:09:27.111+0100,-0.83,3.538,8.98
2830,2024-09-06T13:09:27.244+0100,-0.604,3.365,9.25
2830,2024-09-06T13:09:27.376+0100,-0.885,3.418,9.102
2830,2024-09-06T13:09:27.510+0100,-0.675,3.4,9.272
2830,2024-09-06T13:09:27.643+0100,-0.823,3.537,8.842
2830,2024-09-06T13:09:27.777+0100,-0.81,3.592,9.114
2830,2024-09-06T13:09:27.909+0100,-0.921,3.631,9.009
2830,2024-09-06T13:09:28.042+0100,-0.799,3.581,9.124
2830,2024-09-06T13:09:28.177+0100,-0.863,3.626,8.898
2830,2024-09-06T13:09:28.310+0100,-0.829,3.603,9.031
2830,2024-09-06T13:09:28.442+0100,-0.736,3.601,9.057
2830,2024-09-06T13:09:28.575+0100,-0.878,3.608,9.121
2830,2024-09-06T13:09:28.708+0100,-0.753,3.59,8.986
2830,2024-09-06T13:09:28.842+0100,-0.885,3.616,9.09
2830,2024-09-06T13:09:28.975+0100,-0.785,3.638,9.03
2830,2024-09-06T13:09:29.109+0100,-0.762,3.593,9.122
2830,2024-09-06T13:09:29.241+0100,-0.813,3.638,9.05
2830,2024-09-06T13:09:29.374+0100,-0.659,3.575,9.11
2830,2024-09-06T13:09:29.508+0100,-0.767,3.605,9.156
2830,2024-09-06T13:09:29.640+0100,-0.646,3.605,9.052
2830,2024-09-06T13:09:29.773+0100,-0.65,3.644,9.041
2830,2024-09-06T13:09:29.908+0100,-0.762,3.61,9.084
2830,2024-09-06T13:09:30.040+0100,-0.636,3.61,8.971
2830,2024-09-06T13:09:30.173+0100,-0.574,3.587,9.005
2830,2024-09-06T13:09:30.306+0100,-0.715,3.606,8.949
2830,2024-09-06T13:09:30.440+0100,-0.593,3.61,8.992
2830,2024-09-06T13:09:30.573+0100,-0.778,3.589,9.196
2830,2024-09-06T13:09:30.706+0100,-0.711,3.54,9.086
2830,2024-09-06T13:09:30.839+0100,-0.659,3.524,9.059
2830,2024-09-06T13:09:30.972+0100,-0.684,3.546,9.089
2830,2024-09-06T13:09:31.105+0100,-0.732,3.456,9.16
2830,2024-09-06T13:09:31.238+0100,-0.645,3.453,9.188
2830,2024-09-06T13:09:31.370+0100,-0.801,3.502,8.941
2830,2024-09-06T13:09:31.505+0100,-0.695,3.407,9.237
2830,2024-09-06T13:09:31.638+0100,-0.655,3.379,9.145
2830,2024-09-06T13:09:31.772+0100,-0.785,3.339,9.204
2830,2024-09-06T13:09:31.905+0100,-0.75,3.302,9.17
2830,2024-09-06T13:09:32.037+0100,-0.799,3.343,9.161
2830,2024-09-06T13:09:32.171+0100,-0.758,3.455,9.022
2830,2024-09-06T13:09:32.304+0100,-0.799,3.456,9.144
2830,2024-09-06T13:09:32.436+0100,-0.651,3.356,9.195
2830,2024-09-06T13:09:32.570+0100,-0.808,3.368,9.236
2830,2024-09-06T13:09:32.702+0100,-0.645,3.342,9.491
2830,2024-09-06T13:09:32.836+0100,-0.687,3.643,8.722
2830,2024-09-06T13:09:32.971+0100,-0.604,3.463,9.14
2830,2024-09-06T13:09:33.103+0100,-0.543,3.635,9.03
2830,2024-09-06T13:09:33.236+0100,-0.549,3.324,9.144
2830,2024-09-06T13:09:33.370+0100,-0.65,3.401,9.218
2830,2024-09-06T13:09:33.502+0100,-0.61,3.369,9.15
2830,2024-09-06T13:09:33.636+0100,-0.652,3.285,9.231
2830,2024-09-06T13:09:33.769+0100,-0.683,3.316,9.178
2830,2024-09-06T13:09:33.901+0100,-0.805,3.259,9.207
2830,2024-09-06T13:09:34.034+0100,-0.775,3.252,9.205
2830,2024-09-06T13:09:34.167+0100,-0.884,3.213,9.111
2830,2024-09-06T13:09:34.301+0100,-1.059,3.149,9.151
2830,2024-09-06T13:09:34.434+0100,-1.402,2.877,9.354
2830,2024-09-06T13:09:34.566+0100,-1.919,3.036,8.825
2830,2024-09-06T13:09:34.650+0100,-1.481,2.82,8.975
2830,2024-09-06T13:09:34.784+0100,-1.605,2.9,9.325
2830,2024-09-06T13:09:34.918+0100,-1.696,2.913,9.165
2830,2024-09-06T13:09:35.052+0100,-1.506,2.849,9.348
2830,2024-09-06T13:09:35.183+0100,-1.467,2.981,9.174
2830,2024-09-06T13:09:35.315+0100,-1.668,3.112,9.12
2830,2024-09-06T13:09:35.449+0100,-1.743,3.097,9.059
2830,2024-09-06T13:09:35.592+0100,-1.555,3.188,9.108
2830,2024-09-06T13:09:35.715+0100,-1.688,3.118,9.209
2830,2024-09-06T13:09:35.849+0100,-1.528,3.118,9.123
2830,2024-09-06T13:09:35.982+0100,-1.6,3.108,9.179
2830,2024-09-06T13:09:36.115+0100,-1.612,3.127,9.267
2830,2024-09-06T13:09:36.248+0100,-1.753,3.202,9.051
2830,2024-09-06T13:09:36.398+0100,-1.639,3.159,9.1
2830,2024-09-06T13:09:36.513+0100,-1.546,3.124,9.112
2830,2024-09-06T13:09:36.647+0100,-1.5,3.089,9.109
2830,2024-09-06T13:09:36.782+0100,-1.513,3.086,9.163
2830,2024-09-06T13:09:36.914+0100,-1.503,3.088,9.203
2830,2024-09-06T13:09:37.048+0100,-1.557,3.157,8.849
2830,2024-09-06T13:09:37.195+0100,-1.551,3.042,9.157
2830,2024-09-06T13:09:37.313+0100,-1.574,3.02,9.208
2830,2024-09-06T13:09:37.476+0100,-1.611,3.031,9.159
2830,2024-09-06T13:09:37.579+0100,-1.593,3.001,9.197
2830,2024-09-06T13:09:37.715+0100,-1.614,3.013,9.176
2830,2024-09-06T13:09:37.846+0100,-1.605,3.019,9.165
2830,2024-09-06T13:09:37.980+0100,-1.619,3.005,9.202
2830,2024-09-06T13:09:38.111+0100,-1.617,3.094,8.981
2830,2024-09-06T13:09:38.245+0100,-1.385,3.037,9.154
2830,2024-09-06T13:09:38.379+0100,-1.182,3.008,9.191
2830,2024-09-06T13:09:38.511+0100,-1.234,2.943,9.251
2830,2024-09-06T13:09:38.646+0100,-1.249,2.842,9.248
2830,2024-09-06T13:09:38.779+0100,-1.245,2.861,9.315
2830,2024-09-06T13:09:38.913+0100,-1.291,2.862,9.338
2830,2024-09-06T13:09:39.046+0100,-1.073,2.845,9.218
2830,2024-09-06T13:09:39.179+0100,-1.172,2.929,9.199
2830,2024-09-06T13:09:39.312+0100,-1.137,2.919,9.293
2830,2024-09-06T13:09:39.444+0100,-1.507,3.019,9.108
2830,2024-09-06T13:09:39.577+0100,-1.531,2.966,9.291
2830,2024-09-06T13:09:39.710+0100,-2.008,3.1,9.124
2830,2024-09-06T13:09:39.859+0100,-2.318,3.26,9.5
2830,2024-09-06T13:09:39.992+0100,-2.265,3.167,9.003
2830,2024-09-06T13:09:40.126+0100,-2.249,3.196,8.975
2830,2024-09-06T13:09:40.259+0100,-2.262,3.199,9.005
2830,2024-09-06T13:09:40.393+0100,-2.344,3.224,8.965
2830,2024-09-06T13:09:40.526+0100,-2.42,3.208,8.736
2830,2024-09-06T13:09:40.658+0100,-2.487,3.254,8.849
2830,2024-09-06T13:09:40.793+0100,-2.274,3.197,9.09
2830,2024-09-06T13:09:40.926+0100,-2.311,3.252,8.993
2830,2024-09-06T13:09:41.058+0100,-1.648,3.045,9.221
2830,2024-09-06T13:09:41.192+0100,-1.858,2.97,9.343
2830,2024-09-06T13:09:41.325+0100,-1.543,2.993,9.06
2830,2024-09-06T13:09:41.458+0100,-1.618,2.865,9.305
2830,2024-09-06T13:09:41.591+0100,-1.507,2.863,9.27
2830,2024-09-06T13:09:41.724+0100,-1.524,2.691,9.473
2830,2024-09-06T13:09:41.857+0100,-1.451,2.793,9.214
2830,2024-09-06T13:09:41.990+0100,-1.381,2.676,9.267
2830,2024-09-06T13:09:42.123+0100,-1.47,2.74,9.266
2830,2024-09-06T13:09:42.256+0100,-1.324,2.67,9.372
2830,2024-09-06T13:09:42.389+0100,-1.405,2.732,9.282
2830,2024-09-06T13:09:42.523+0100,-1.392,2.697,9.311
2830,2024-09-06T13:09:42.656+0100,-1.429,2.739,9.3
2830,2024-09-06T13:09:42.790+0100,-1.515,2.782,9.248
2830,2024-09-06T13:09:42.925+0100,-1.518,2.781,9.293
2830,2024-09-06T13:09:43.055+0100,-1.473,2.779,9.255
2830,2024-09-06T13:09:43.211+0100,-1.493,2.801,9.267
2830,2024-09-06T13:09:43.321+0100,-1.451,2.794,9.246
2830,2024-09-06T13:09:43.454+0100,-1.475,2.806,9.334
2830,2024-09-06T13:09:43.588+0100,-1.423,2.821,9.267
2830,2024-09-06T13:09:43.722+0100,-1.402,2.833,9.264
2830,2024-09-06T13:09:43.855+0100,-1.411,2.877,9.231
2830,2024-09-06T13:09:43.987+0100,-1.345,2.815,9.282
2830,2024-09-06T13:09:44.122+0100,-1.433,2.931,9.229
2830,2024-09-06T13:09:44.255+0100,-1.344,2.89,9.197
2830,2024-09-06T13:09:44.389+0100,-1.359,2.919,9.211
2830,2024-09-06T13:09:44.520+0100,-1.318,3.12,9.19
2830,2024-09-06T13:09:44.653+0100,-1.155,3.072,9.193
2830,2024-09-06T13:09:44.788+0100,-1.173,3.105,9.17
2830,2024-09-06T13:09:44.920+0100,-1.068,2.956,9.41
2830,2024-09-06T13:09:45.054+0100,-1.161,3.072,9.455
2830,2024-09-06T13:09:45.186+0100,-1.125,3.188,9.112
2830,2024-09-06T13:09:45.320+0100,-1.155,3.113,9.25
2830,2024-09-06T13:09:45.454+0100,-1.135,3.194,9.27
2830,2024-09-06T13:09:45.585+0100,-1.064,3.224,9.091
2830,2024-09-06T13:09:45.719+0100,-1.106,3.191,9.144
2830,2024-09-06T13:09:45.853+0100,-1.146,3.234,9.184
2830,2024-09-06T13:09:45.986+0100,-1.009,3.261,9.033
2830,2024-09-06T13:09:46.119+0100,-1.232,3.403,8.99
2830,2024-09-06T13:09:46.260+0100,-1.155,3.342,9.099
2830,2024-09-06T13:09:46.387+0100,-1.092,3.271,9.268
2830,2024-09-06T13:09:46.519+0100,-1.049,3.23,9.211
2830,2024-09-06T13:09:46.661+0100,-1.079,3.203,9.203
2830,2024-09-06T13:09:46.784+0100,-1.076,3.219,9.179
2830,2024-09-06T13:09:46.917+0100,-1.134,3.215,9.223
2830,2024-09-06T13:09:47.050+0100,-1.06,3.22,9.209
2830,2024-09-06T13:09:47.184+0100,-1.113,3.238,9.18
2830,2024-09-06T13:09:47.318+0100,-1.037,3.206,9.241
2830,2024-09-06T13:09:47.452+0100,-1.222,3.351,9.123
2830,2024-09-06T13:09:47.582+0100,-1.135,3.242,9.196
2830,2024-09-06T13:09:47.716+0100,-1.221,3.321,9.072
2830,2024-09-06T13:09:47.850+0100,-1.157,3.315,9.031
2830,2024-09-06T13:09:47.985+0100,-1.082,3.247,9.152
2830,2024-09-06T13:09:48.116+0100,-1.121,3.243,9.169
2830,2024-09-06T13:09:48.250+0100,-1.126,3.203,9.163
2830,2024-09-06T13:09:48.382+0100,-1.115,3.217,9.22
2830,2024-09-06T13:09:48.515+0100,-1.107,3.19,9.625
2830,2024-09-06T13:09:48.649+0100,-1.378,3.539,8.887
2830,2024-09-06T13:09:48.784+0100,-1.009,3.25,9.257
2830,2024-09-06T13:09:48.914+0100,-1.224,3.412,9.062
2830,2024-09-06T13:09:49.049+0100,-1.074,3.383,9.007
2830,2024-09-06T13:09:49.181+0100,-1.009,3.265,9.156
2830,2024-09-06T13:09:49.315+0100,-1.088,3.29,9.178
2830,2024-09-06T13:09:49.447+0100,-1.064,3.251,9.195
2830,2024-09-06T13:09:49.580+0100,-1.108,3.287,9.129
2830,2024-09-06T13:09:49.716+0100,-1.061,3.263,9.199
2830,2024-09-06T13:09:49.848+0100,-0.922,3.287,9.175
2830,2024-09-06T13:09:49.980+0100,-1.28,3.501,9.053
2830,2024-09-06T13:09:50.113+0100,-1.074,3.331,9.165
2830,2024-09-06T13:09:50.246+0100,-1.124,3.373,9.15
2830,2024-09-06T13:09:50.379+0100,-1.101,3.441,9.059
2830,2024-09-06T13:09:50.513+0100,-0.979,3.302,9.131
2830,2024-09-06T13:09:50.646+0100,-1.155,3.319,9.214
2830,2024-09-06T13:09:50.780+0100,-1.119,3.293,9.218
2830,2024-09-06T13:09:50.913+0100,-0.957,3.312,9.098
2830,2024-09-06T13:09:51.045+0100,-1.205,3.475,8.988
2830,2024-09-06T13:09:51.178+0100,-1.215,3.363,9.208
2830,2024-09-06T13:09:51.313+0100,-1.03,3.389,9.082
2830,2024-09-06T13:09:51.445+0100,-1.156,3.454,9.054
2830,2024-09-06T13:09:51.579+0100,-1.144,3.448,9.085
2830,2024-09-06T13:09:51.712+0100,-1.259,3.465,9.028
2830,2024-09-06T13:09:51.856+0100,-1.193,3.471,9.038
2830,2024-09-06T13:09:51.977+0100,-1.204,3.468,9.053
2830,2024-09-06T13:09:52.110+0100,-1.272,3.467,9.096
2830,2024-09-06T13:09:52.245+0100,-1.265,3.476,9.062
2830,2024-09-06T13:09:52.379+0100,-1.278,3.478,9.039
2830,2024-09-06T13:09:52.510+0100,-1.308,3.486,9.105
2830,2024-09-06T13:09:52.644+0100,-1.382,3.528,9.015
2830,2024-09-06T13:09:52.783+0100,-1.357,3.538,9.039
2830,2024-09-06T13:09:52.910+0100,-1.385,3.513,9.023
2830,2024-09-06T13:09:53.042+0100,-1.268,3.495,9.083
2830,2024-09-06T13:09:53.176+0100,-1.377,3.507,9.051
2830,2024-09-06T13:09:53.310+0100,-1.293,3.497,9.063
2830,2024-09-06T13:09:53.443+0100,-1.336,3.478,8.999
2830,2024-09-06T13:09:53.592+0100,-1.284,3.473,8.999
2830,2024-09-06T13:09:53.735+0100,-1.257,3.452,9.062
2830,2024-09-06T13:09:53.841+0100,-1.287,3.462,9.039
2830,2024-09-06T13:09:53.975+0100,-1.228,3.406,9.072
2830,2024-09-06T13:09:54.108+0100,-1.186,3.382,9.089
2830,2024-09-06T13:09:54.242+0100,-1.091,3.327,9.116
2830,2024-09-06T13:09:54.378+0100,-1.0,3.271,9.15
2830,2024-09-06T13:09:54.509+0100,-0.956,3.191,9.185
2830,2024-09-06T13:09:54.642+0100,-0.769,2.975,9.381
2830,2024-09-06T13:09:54.774+0100,-0.935,3.045,9.254
2830,2024-09-06T13:09:54.908+0100,-0.925,3.035,9.266
2830,2024-09-06T13:09:55.040+0100,-0.925,3.029,9.27
2830,2024-09-06T13:09:55.190+0100,-0.93,3.017,9.278
2830,2024-09-06T13:09:55.307+0100,-0.92,3.014,9.254
2830,2024-09-06T13:09:55.441+0100,-0.968,3.004,9.3
2830,2024-09-06T13:09:55.575+0100,-0.795,2.978,9.276
2830,2024-09-06T13:09:55.728+0100,-0.82,3.082,9.071
2830,2024-09-06T13:09:55.838+0100,-0.804,2.985,9.283
2830,2024-09-06T13:09:55.973+0100,-0.866,2.996,9.274
2830,2024-09-06T13:09:56.106+0100,-0.886,2.939,9.279
2830,2024-09-06T13:09:56.239+0100,-0.8,2.946,9.245
2830,2024-09-06T13:09:56.372+0100,-1.104,3.182,8.946
2830,2024-09-06T13:09:56.505+0100,-0.825,2.919,9.319
2830,2024-09-06T13:09:56.639+0100,-1.01,3.095,9.206
2830,2024-09-06T13:09:56.772+0100,-0.97,3.051,9.152
2830,2024-09-06T13:09:56.905+0100,-0.923,3.047,9.187
2830,2024-09-06T13:09:57.038+0100,-1.158,3.317,8.948
2830,2024-09-06T13:09:57.171+0100,-0.891,3.063,9.14
2830,2024-09-06T13:09:57.304+0100,-1.018,3.112,9.317
2830,2024-09-06T13:09:57.437+0100,-0.847,3.086,9.453
2830,2024-09-06T13:09:57.573+0100,-1.313,3.433,8.873
2830,2024-09-06T13:09:57.705+0100,-1.094,3.261,9.153
2830,2024-09-06T13:09:57.837+0100,-1.025,3.24,9.219
2830,2024-09-06T13:09:57.971+0100,-1.085,3.169,9.308
2830,2024-09-06T13:09:58.103+0100,-1.034,3.255,9.006
2830,2024-09-06T13:09:58.237+0100,-1.341,3.337,9.151
2830,2024-09-06T13:09:58.370+0100,-1.242,3.197,9.199
2830,2024-09-06T13:09:58.501+0100,-1.315,3.04,9.111
2830,2024-09-06T13:09:58.636+0100,-1.308,3.237,9.092
2830,2024-09-06T13:09:58.769+0100,-1.238,3.02,9.337
2830,2024-09-06T13:09:58.902+0100,-1.344,3.127,9.182
2830,2024-09-06T13:09:59.039+0100,-1.369,3.114,9.289
2830,2024-09-06T13:09:59.171+0100,-1.35,3.039,9.132
2830,2024-09-06T13:09:59.302+0100,-1.411,3.054,9.236
2830,2024-09-06T13:09:59.435+0100,-1.513,3.132,9.159
2830,2024-09-06T13:09:59.568+0100,-1.309,3.093,9.3
2830,2024-09-06T13:09:59.700+0100,-1.372,3.109,9.016
2830,2024-09-06T13:09:59.834+0100,-1.306,3.054,9.29
2830,2024-09-06T13:09:59.968+0100,-1.452,3.179,9.147
2830,2024-09-06T13:10:00.101+0100,-1.304,3.097,9.245
2830,2024-09-06T13:10:00.239+0100,-1.236,3.066,9.049
2830,2024-09-06T13:10:00.367+0100,-1.515,3.106,9.232
2830,2024-09-06T13:10:00.500+0100,-1.304,3.144,9.221
2830,2024-09-06T13:10:00.633+0100,-1.284,3.002,9.193
2830,2024-09-06T13:10:00.768+0100,-1.348,3.105,9.25
2830,2024-09-06T13:10:00.899+0100,-1.305,3.091,9.341
2830,2024-09-06T13:10:01.033+0100,-1.263,3.065,9.163
2830,2024-09-06T13:10:01.166+0100,-1.326,3.087,9.154
2830,2024-09-06T13:10:01.299+0100,-1.459,2.978,9.412
2830,2024-09-06T13:10:01.434+0100,-1.26,3.107,9.205
2830,2024-09-06T13:10:01.566+0100,-1.393,3.022,9.15
2830,2024-09-06T13:10:01.698+0100,-1.345,3.105,9.232
2830,2024-09-06T13:10:01.833+0100,-1.455,3.141,9.245
2830,2024-09-06T13:10:01.964+0100,-1.58,3.202,9.127
2830,2024-09-06T13:10:02.097+0100,-1.689,3.315,9.075
2830,2024-09-06T13:10:02.231+0100,-1.579,3.27,9.042
2830,2024-09-06T13:10:02.365+0100,-1.457,3.224,9.057
2830,2024-09-06T13:10:02.498+0100,-1.44,3.2,9.112
2830,2024-09-06T13:10:02.630+0100,-1.455,3.206,9.128
2830,2024-09-06T13:10:02.764+0100,-1.425,3.197,9.155
2830,2024-09-06T13:10:02.898+0100,-1.418,3.178,9.17
2830,2024-09-06T13:10:03.030+0100,-1.416,3.179,9.145
2830,2024-09-06T13:10:03.164+0100,-1.39,3.184,9.164
2830,2024-09-06T13:10:03.295+0100,-1.449,3.178,9.051
2830,2024-09-06T13:10:03.431+0100,-1.346,3.179,9.067
2830,2024-09-06T13:10:03.563+0100,-1.36,3.156,9.202
2830,2024-09-06T13:10:03.697+0100,-1.394,3.18,9.188
2830,2024-09-06T13:10:03.828+0100,-1.379,3.181,9.123
2830,2024-09-06T13:10:03.963+0100,-1.331,3.157,9.15
2830,2024-09-06T13:10:04.097+0100,-1.349,3.136,9.142
2830,2024-09-06T13:10:04.230+0100,-1.284,3.108,9.182
2830,2024-09-06T13:10:04.363+0100,-1.169,3.053,9.246
2830,2024-09-06T13:10:04.496+0100,-1.083,3.048,9.22
2830,2024-09-06T13:10:04.629+0100,-0.767,2.973,9.368
2830,2024-09-06T13:10:04.762+0100,-0.717,3.011,9.453
2830,2024-09-06T13:10:04.893+0100,-0.732,2.832,9.508
2830,2024-09-06T13:10:05.028+0100,-1.548,3.142,9.129
2830,2024-09-06T13:10:05.160+0100,-1.778,3.379,8.352
2830,2024-09-06T13:10:05.294+0100,-0.878,2.596,8.536
2830,2024-09-06T13:10:05.428+0100,-0.215,2.025,8.868
2830,2024-09-06T13:10:05.562+0100,0.565,1.121,9.074
2830,2024-09-06T13:10:05.692+0100,-0.206,-0.0,9.139
2830,2024-09-06T13:10:05.893+0100,-1.036,-1.348,8.472
2830,2024-09-06T13:10:06.027+0100,-2.037,-1.351,10.091
2830,2024-09-06T13:10:06.160+0100,1.591,-0.823,9.446
2830,2024-09-06T13:10:06.292+0100,0.384,-0.847,9.856
2830,2024-09-06T13:10:06.427+0100,0.371,-0.843,9.721
2830,2024-09-06T13:10:06.559+0100,0.374,-0.84,9.729
2830,2024-09-06T13:10:06.693+0100,0.379,-0.842,9.743
2830,2024-09-06T13:10:06.825+0100,0.377,-0.839,9.747
2830,2024-09-06T13:10:06.958+0100,0.377,-0.84,9.744
2830,2024-09-06T13:10:07.091+0100,0.377,-0.837,9.749
2830,2024-09-06T13:10:07.225+0100,0.376,-0.835,9.749
2830,2024-09-06T13:10:07.358+0100,0.372,-0.837,9.748
2830,2024-09-06T13:10:07.490+0100,0.376,-0.837,9.748
2830,2024-09-06T13:10:07.625+0100,0.369,-0.838,9.747
2830,2024-09-06T13:10:07.757+0100,0.368,-0.836,9.747
2830,2024-09-06T13:10:07.892+0100,0.371,-0.838,9.744
2830,2024-09-06T13:10:08.023+0100,0.372,-0.838,9.749
2830,2024-09-06T13:10:08.156+0100,0.373,-0.836,9.746
2830,2024-09-06T13:10:08.290+0100,0.376,-0.836,9.744
2830,2024-09-06T13:10:08.423+0100,0.371,-0.839,9.748
2830,2024-09-06T13:10:08.557+0100,0.372,-0.837,9.748
2830,2024-09-06T13:10:08.690+0100,0.373,-0.837,9.749
2830,2024-09-06T13:10:08.823+0100,0.373,-0.835,9.747
2830,2024-09-06T13:10:08.956+0100,0.375,-0.833,9.747
2830,2024-09-06T13:10:09.088+0100,0.371,-0.837,9.748
2830,2024-09-06T13:10:09.225+0100,0.371,-0.835,9.745
2830,2024-09-06T13:10:09.355+0100,0.372,-0.837,9.747
2830,2024-09-06T13:10:09.488+0100,0.371,-0.833,9.747
2830,2024-09-06T13:10:09.620+0100,0.371,-0.833,9.746
2830,2024-09-06T13:10:09.755+0100,0.368,-0.836,9.75
2830,2024-09-06T13:10:09.889+0100,0.371,-0.835,9.745
2830,2024-09-06T13:10:10.020+0100,0.373,-0.835,9.747
2830,2024-09-06T13:10:10.154+0100,0.371,-0.836,9.746
2830,2024-09-06T13:10:10.287+0100,0.367,-0.838,9.744
2830,2024-09-06T13:10:10.419+0100,0.367,-0.836,9.744
2830,2024-09-06T13:10:10.570+0100,0.373,-0.835,9.749
2830,2024-09-06T13:10:10.705+0100,0.37,-0.837,9.745
2830,2024-09-06T13:10:10.839+0100,0.373,-0.834,9.746
2830,2024-09-06T13:10:10.969+0100,0.37,-0.833,9.745
2830,2024-09-06T13:10:11.103+0100,0.37,-0.838,9.743
2830,2024-09-06T13:10:11.237+0100,0.37,-0.836,9.745
2830,2024-09-06T13:10:11.370+0100,0.368,-0.834,9.744
2830,2024-09-06T13:10:11.501+0100,0.367,-0.838,9.744
2830,2024-09-06T13:10:11.634+0100,0.369,-0.832,9.745
2830,2024-09-06T13:10:11.768+0100,0.368,-0.836,9.741
2830,2024-09-06T13:10:11.902+0100,0.368,-0.835,9.745
2830,2024-09-06T13:10:12.040+0100,0.369,-0.834,9.745
2830,2024-09-06T13:10:12.168+0100,0.368,-0.835,9.744
2830,2024-09-06T13:10:12.301+0100,0.368,-0.833,9.742
2830,2024-09-06T13:10:12.434+0100,0.368,-0.837,9.746
2830,2024-09-06T13:10:12.569+0100,0.368,-0.835,9.748
2830,2024-09-06T13:10:12.716+0100,0.37,-0.831,9.745
2830,2024-09-06T13:10:12.834+0100,0.368,-0.837,9.743
2830,2024-09-06T13:10:12.967+0100,0.367,-0.835,9.748
2830,2024-09-06T13:10:13.099+0100,0.37,-0.835,9.745
2830,2024-09-06T13:10:13.233+0100,0.372,-0.834,9.744
2830,2024-09-06T13:10:13.366+0100,0.369,-0.833,9.744
2830,2024-09-06T13:10:13.499+0100,0.367,-0.833,9.745
2830,2024-09-06T13:10:13.633+0100,0.367,-0.834,9.744
2830,2024-09-06T13:10:13.765+0100,0.369,-0.832,9.748
2830,2024-09-06T13:10:13.898+0100,0.366,-0.833,9.741
2830,2024-09-06T13:10:14.032+0100,0.368,-0.833,9.742
2830,2024-09-06T13:10:14.165+0100,0.369,-0.833,9.745
2830,2024-09-06T13:10:14.299+0100,0.368,-0.836,9.744
2830,2024-09-06T13:10:14.431+0100,0.369,-0.835,9.746
2830,2024-09-06T13:10:14.565+0100,0.367,-0.835,9.746
2830,2024-09-06T13:10:14.699+0100,0.366,-0.832,9.744
2830,2024-09-06T13:10:14.831+0100,0.367,-0.833,9.746
2830,2024-09-06T13:10:14.964+0100,0.367,-0.834,9.744
2830,2024-09-06T13:10:15.097+0100,0.369,-0.834,9.746
2830,2024-09-06T13:10:15.233+0100,0.367,-0.833,9.744
2830,2024-09-06T13:10:15.363+0100,0.367,-0.833,9.742
2830,2024-09-06T13:10:15.498+0100,0.366,-0.833,9.745
2830,2024-09-06T13:10:15.629+0100,0.367,-0.831,9.743
2830,2024-09-06T13:10:15.763+0100,0.368,-0.832,9.744
2830,2024-09-06T13:10:15.896+0100,0.369,-0.831,9.742
2830,2024-09-06T13:10:16.039+0100,0.366,-0.834,9.742
2830,2024-09-06T13:10:16.162+0100,0.368,-0.832,9.742
2830,2024-09-06T13:10:16.295+0100,0.368,-0.833,9.744
2830,2024-09-06T13:10:16.429+0100,0.369,-0.833,9.742
2830,2024-09-06T13:10:16.563+0100,0.368,-0.833,9.743
2830,2024-09-06T13:10:16.696+0100,0.368,-0.834,9.745
2830,2024-09-06T13:10:16.831+0100,0.367,-0.832,9.744
2830,2024-09-06T13:10:16.962+0100,0.368,-0.834,9.746
2830,2024-09-06T13:10:17.094+0100,0.367,-0.835,9.743
2830,2024-09-06T13:10:17.227+0100,0.368,-0.833,9.744
2830,2024-09-06T13:10:17.361+0100,0.369,-0.833,9.745
2830,2024-09-06T13:10:17.494+0100,0.366,-0.833,9.742
2830,2024-09-06T13:10:17.635+0100,0.37,-0.835,9.745
2830,2024-09-06T13:10:17.762+0100,0.37,-0.832,9.744
2830,2024-09-06T13:10:17.894+0100,0.368,-0.831,9.742
2830,2024-09-06T13:10:18.026+0100,0.367,-0.832,9.741
2830,2024-09-06T13:10:18.161+0100,0.367,-0.831,9.743
2830,2024-09-06T13:10:18.294+0100,0.368,-0.833,9.742
2830,2024-09-06T13:10:18.438+0100,0.366,-0.831,9.742
2830,2024-09-06T13:10:18.559+0100,0.369,-0.832,9.746
2830,2024-09-06T13:10:18.692+0100,0.367,-0.832,9.745
2830,2024-09-06T13:10:18.825+0100,0.367,-0.832,9.745
2830,2024-09-06T13:10:18.958+0100,0.365,-0.833,9.742
2830,2024-09-06T13:10:19.092+0100,0.367,-0.832,9.744
2830,2024-09-06T13:10:19.225+0100,0.366,-0.833,9.742
2830,2024-09-06T13:10:19.358+0100,0.367,-0.833,9.744
2830,2024-09-06T13:10:19.492+0100,0.364,-0.833,9.743
2830,2024-09-06T13:10:19.624+0100,0.368,-0.831,9.744
2830,2024-09-06T13:10:19.758+0100,0.367,-0.833,9.745
2830,2024-09-06T13:10:19.891+0100,0.364,-0.833,9.742
2830,2024-09-06T13:10:20.024+0100,0.365,-0.833,9.745
2830,2024-09-06T13:10:20.158+0100,0.365,-0.832,9.742
2830,2024-09-06T13:10:20.292+0100,0.365,-0.833,9.745
2830,2024-09-06T13:10:20.423+0100,0.367,-0.832,9.745
2830,2024-09-06T13:10:20.556+0100,0.367,-0.834,9.745
2830,2024-09-06T13:10:20.689+0100,0.366,-0.832,9.744
2830,2024-09-06T13:10:20.823+0100,0.366,-0.834,9.744
2830,2024-09-06T13:10:20.956+0100,0.367,-0.834,9.741
2830,2024-09-06T13:10:21.089+0100,0.364,-0.83,9.747
2830,2024-09-06T13:10:21.223+0100,0.367,-0.824,9.756
2830,2024-09-06T13:10:21.355+0100,0.398,-0.785,9.744
2830,2024-09-06T13:10:21.489+0100,0.472,-0.721,9.872
2830,2024-09-06T13:10:21.622+0100,0.492,-0.696,9.768
2830,2024-09-06T13:10:21.756+0100,0.513,-0.692,9.742
2830,2024-09-06T13:10:21.889+0100,0.563,-0.681,9.745
2830,2024-09-06T13:10:22.024+0100,0.572,-0.671,9.754
2830,2024-09-06T13:10:22.156+0100,0.537,-0.665,9.726
2830,2024-09-06T13:10:22.287+0100,0.504,-0.681,9.736
2830,2024-09-06T13:10:22.424+0100,0.539,-0.668,9.775
2830,2024-09-06T13:10:22.557+0100,0.542,-0.677,9.726
2830,2024-09-06T13:10:22.687+0100,0.548,-0.656,9.784
2830,2024-09-06T13:10:22.823+0100,0.496,-0.602,9.763
2830,2024-09-06T13:10:22.954+0100,0.508,-0.669,9.731
2830,2024-09-06T13:10:23.087+0100,0.531,-0.657,9.742
2830,2024-09-06T13:10:23.220+0100,0.544,-0.66,9.758
2830,2024-09-06T13:10:23.352+0100,0.552,-0.635,9.733
2830,2024-09-06T13:10:23.485+0100,0.55,-0.641,9.75
2830,2024-09-06T13:10:23.619+0100,0.548,-0.635,9.756
2830,2024-09-06T13:10:23.752+0100,0.562,-0.63,9.81
2830,2024-09-06T13:10:23.886+0100,0.613,-0.611,9.721
2830,2024-09-06T13:10:24.019+0100,0.573,-0.618,9.73
2830,2024-09-06T13:10:24.152+0100,0.571,-0.61,9.753
2830,2024-09-06T13:10:24.285+0100,0.561,-0.633,9.803
2830,2024-09-06T13:10:24.418+0100,0.556,-0.61,9.762
2830,2024-09-06T13:10:24.552+0100,0.56,-0.616,9.762
2830,2024-09-06T13:10:24.684+0100,0.58,-0.6,9.754
2830,2024-09-06T13:10:24.818+0100,0.566,-0.604,9.749
2830,2024-09-06T13:10:24.951+0100,0.569,-0.592,9.75
2830,2024-09-06T13:10:25.085+0100,0.552,-0.592,9.715
2830,2024-09-06T13:10:25.219+0100,0.569,-0.588,9.73
2830,2024-09-06T13:10:25.351+0100,0.593,-0.611,9.796
2830,2024-09-06T13:10:25.484+0100,0.574,-0.594,9.765
2830,2024-09-06T13:10:25.619+0100,0.572,-0.577,9.756
2830,2024-09-06T13:10:25.751+0100,0.553,-0.58,9.753
2830,2024-09-06T13:10:25.885+0100,0.568,-0.577,9.741
2830,2024-09-06T13:10:26.017+0100,0.59,-0.595,9.748
2830,2024-09-06T13:10:26.149+0100,0.562,-0.578,9.755
2830,2024-09-06T13:10:26.282+0100,0.559,-0.574,9.75
2830,2024-09-06T13:10:26.416+0100,0.577,-0.575,9.768
2830,2024-09-06T13:10:26.549+0100,0.55,-0.566,9.72
2830,2024-09-06T13:10:26.681+0100,0.563,-0.574,9.791
2830,2024-09-06T13:10:26.815+0100,0.574,-0.566,9.743
2830,2024-09-06T13:10:26.949+0100,0.582,-0.558,9.753
2830,2024-09-06T13:10:27.082+0100,0.582,-0.558,9.754
2830,2024-09-06T13:10:27.215+0100,0.583,-0.552,9.753
2830,2024-09-06T13:10:27.348+0100,0.587,-0.541,9.758
2830,2024-09-06T13:10:27.481+0100,0.577,-0.541,9.756
2830,2024-09-06T13:10:27.615+0100,0.587,-0.537,9.757
2830,2024-09-06T13:10:27.747+0100,0.584,-0.537,9.753
2830,2024-09-06T13:10:27.881+0100,0.597,-0.532,9.759
2830,2024-09-06T13:10:28.014+0100,0.597,-0.533,9.754
2830,2024-09-06T13:10:28.148+0100,0.624,-0.511,9.747
2830,2024-09-06T13:10:28.281+0100,0.65,-0.512,9.76
2830,2024-09-06T13:10:28.413+0100,0.678,-0.496,9.742
2830,2024-09-06T13:10:28.546+0100,0.704,-0.511,9.759
2830,2024-09-06T13:10:28.679+0100,0.635,-0.547,9.84
2830,2024-09-06T13:10:28.813+0100,0.412,-0.738,9.966
2830,2024-09-06T13:10:28.945+0100,0.16,-0.851,10.007
2830,2024-09-06T13:10:29.078+0100,-1.207,-0.942,10.004
2830,2024-09-06T13:10:29.228+0100,3.452,-0.388,9.404
2830,2024-09-06T13:10:29.363+0100,2.688,0.305,9.203
2830,2024-09-06T13:10:29.497+0100,5.638,0.586,8.965
2830,2024-09-06T13:10:29.628+0100,6.495,1.021,6.953
2830,2024-09-06T13:10:29.764+0100,4.326,0.442,7.947
2830,2024-09-06T13:10:29.895+0100,3.541,1.05,8.711
2830,2024-09-06T13:10:30.029+0100,1.213,2.371,8.739
2830,2024-09-06T13:10:30.160+0100,0.424,3.06,8.671
2830,2024-09-06T13:10:30.295+0100,-0.332,3.458,8.767
2830,2024-09-06T13:10:30.427+0100,-0.352,3.12,9.482
2830,2024-09-06T13:10:30.560+0100,-0.397,3.164,9.67
2830,2024-09-06T13:10:30.693+0100,-0.234,3.32,9.349
2830,2024-09-06T13:10:30.827+0100,-0.373,3.499,9.114
2830,2024-09-06T13:10:30.960+0100,-0.753,3.703,9.029
2830,2024-09-06T13:10:31.094+0100,-1.058,3.709,9.047
2830,2024-09-06T13:10:31.229+0100,-1.211,3.738,8.919
2830,2024-09-06T13:10:31.359+0100,-1.29,3.802,9.011
2830,2024-09-06T13:10:31.493+0100,-1.164,3.836,8.756
2830,2024-09-06T13:10:31.626+0100,-1.323,3.855,8.841
2830,2024-09-06T13:10:31.759+0100,-1.4,3.756,8.863
2830,2024-09-06T13:10:31.892+0100,-1.567,3.82,8.901
2830,2024-09-06T13:10:32.027+0100,-1.68,3.843,8.817
2830,2024-09-06T13:10:32.158+0100,-1.679,3.884,8.792
2830,2024-09-06T13:10:32.292+0100,-1.589,3.952,8.947
2830,2024-09-06T13:10:32.425+0100,-1.479,4.028,8.646
2830,2024-09-06T13:10:32.558+0100,-1.621,4.062,8.775
2830,2024-09-06T13:10:32.690+0100,-1.708,4.023,8.901
2830,2024-09-06T13:10:32.831+0100,-1.613,4.177,8.461
2830,2024-09-06T13:10:32.958+0100,-1.658,4.072,8.721
2830,2024-09-06T13:10:33.090+0100,-1.697,4.041,8.88
2830,2024-09-06T13:10:33.224+0100,-1.568,4.095,8.77
2830,2024-09-06T13:10:33.356+0100,-1.571,4.105,8.76
2830,2024-09-06T13:10:33.490+0100,-1.711,4.181,8.468
2830,2024-09-06T13:10:33.623+0100,-1.634,4.059,8.766
2830,2024-09-06T13:10:33.756+0100,-1.691,4.022,8.763
2830,2024-09-06T13:10:33.890+0100,-1.78,4.116,8.878
2830,2024-09-06T13:10:34.039+0100,-1.824,3.945,8.815
2830,2024-09-06T13:10:34.173+0100,-1.886,3.988,8.791
2830,2024-09-06T13:10:34.305+0100,-1.671,4.159,8.951
2830,2024-09-06T13:10:34.439+0100,-1.545,3.998,8.63
2830,2024-09-06T13:10:34.573+0100,-1.599,4.004,8.9
2830,2024-09-06T13:10:34.704+0100,-1.688,3.989,8.833
2830,2024-09-06T13:10:34.838+0100,-1.75,4.03,8.807
2830,2024-09-06T13:10:34.972+0100,-1.792,3.952,8.83
2830,2024-09-06T13:10:35.104+0100,-1.822,3.982,8.688
2830,2024-09-06T13:10:35.237+0100,-1.819,4.082,8.924
2830,2024-09-06T13:10:35.372+0100,-1.71,4.03,8.53
2830,2024-09-06T13:10:35.506+0100,-1.783,3.922,8.817
2830,2024-09-06T13:10:35.642+0100,-1.751,3.885,8.778
2830,2024-09-06T13:10:35.771+0100,-1.64,3.863,8.822
2830,2024-09-06T13:10:35.910+0100,-1.777,3.79,8.853
2830,2024-09-06T13:10:36.041+0100,-1.438,3.778,8.862
2830,2024-09-06T13:10:36.172+0100,-1.647,3.931,8.585
2830,2024-09-06T13:10:36.304+0100,-1.716,3.787,9.081
2830,2024-09-06T13:10:36.436+0100,-1.709,3.899,8.954
2830,2024-09-06T13:10:36.570+0100,-1.57,3.782,8.895
2830,2024-09-06T13:10:36.703+0100,-1.67,3.801,8.795
2830,2024-09-06T13:10:36.836+0100,-1.659,3.851,8.877
2830,2024-09-06T13:10:36.972+0100,-1.595,3.909,8.898
2830,2024-09-06T13:10:37.102+0100,-1.656,3.817,8.797
2830,2024-09-06T13:10:37.237+0100,-1.72,3.724,9.08
2830,2024-09-06T13:10:37.368+0100,-1.753,3.696,8.937
2830,2024-09-06T13:10:37.501+0100,-1.593,3.789,8.739
2830,2024-09-06T13:10:37.634+0100,-1.624,3.73,8.88
2830,2024-09-06T13:10:37.770+0100,-1.695,3.741,8.902
2830,2024-09-06T13:10:37.900+0100,-1.569,3.852,8.908
2830,2024-09-06T13:10:38.034+0100,-1.64,3.779,8.829
2830,2024-09-06T13:10:38.168+0100,-1.638,3.617,9.009
2830,2024-09-06T13:10:38.315+0100,-1.647,3.623,8.93
2830,2024-09-06T13:10:38.433+0100,-1.607,3.708,8.977
2830,2024-09-06T13:10:38.566+0100,-1.548,3.676,9.041
2830,2024-09-06T13:10:38.700+0100,-1.456,3.561,8.926
2830,2024-09-06T13:10:38.833+0100,-1.437,3.567,8.862
2830,2024-09-06T13:10:38.965+0100,-1.418,3.579,8.96
2830,2024-09-06T13:10:39.103+0100,-1.498,3.542,9.016
2830,2024-09-06T13:10:39.233+0100,-1.533,3.497,9.044
2830,2024-09-06T13:10:39.368+0100,-1.571,3.622,9.013
2830,2024-09-06T13:10:39.498+0100,-1.517,3.549,8.956
2830,2024-09-06T13:10:39.632+0100,-1.464,3.545,8.996
2830,2024-09-06T13:10:39.765+0100,-1.41,3.577,9.009
2830,2024-09-06T13:10:39.904+0100,-1.506,3.629,8.856
2830,2024-09-06T13:10:40.031+0100,-1.379,3.521,8.929
2830,2024-09-06T13:10:40.165+0100,-1.545,3.602,8.995
2830,2024-09-06T13:10:40.298+0100,-1.557,3.541,9.031
2830,2024-09-06T13:10:40.431+0100,-1.49,3.51,9.054
2830,2024-09-06T13:10:40.564+0100,-1.466,3.593,9.063
2830,2024-09-06T13:10:40.711+0100,-1.678,3.557,8.949
2830,2024-09-06T13:10:40.831+0100,-1.612,3.411,9.08
2830,2024-09-06T13:10:40.964+0100,-1.646,3.463,8.825
2830,2024-09-06T13:10:41.097+0100,-1.551,3.431,9.084
2830,2024-09-06T13:10:41.230+0100,-1.441,3.38,9.086
2830,2024-09-06T13:10:41.364+0100,-1.321,3.471,9.142
2830,2024-09-06T13:10:41.502+0100,-1.577,3.423,9.124
2830,2024-09-06T13:10:41.630+0100,-1.498,3.36,9.068
2830,2024-09-06T13:10:41.763+0100,-1.493,3.331,9.113
2830,2024-09-06T13:10:41.896+0100,-1.476,3.494,8.838
2830,2024-09-06T13:10:42.030+0100,-1.519,3.404,9.086
2830,2024-09-06T13:10:42.161+0100,-1.352,3.418,9.227
2830,2024-09-06T13:10:42.295+0100,-1.318,3.363,10.226
2830,2024-09-06T13:10:42.429+0100,-1.277,3.455,10.01
2830,2024-09-06T13:10:42.563+0100,-0.534,3.578,9.092
2830,2024-09-06T13:10:42.696+0100,-2.525,3.876,7.387
2830,2024-09-06T13:10:42.829+0100,-2.908,3.821,7.484
2830,2024-09-06T13:10:42.961+0100,-3.066,3.769,8.824
2830,2024-09-06T13:10:43.094+0100,-2.47,3.816,8.689
2830,2024-09-06T13:10:43.227+0100,-2.334,3.811,8.977
2830,2024-09-06T13:10:43.361+0100,-2.033,3.79,8.716
2830,2024-09-06T13:10:43.493+0100,-1.982,3.473,9.056
2830,2024-09-06T13:10:43.626+0100,-2.163,3.582,8.883
2830,2024-09-06T13:10:43.759+0100,-2.207,3.618,8.591
2830,2024-09-06T13:10:43.892+0100,-1.984,3.38,8.943
2830,2024-09-06T13:10:44.027+0100,-2.101,3.391,9.117
2830,2024-09-06T13:10:44.159+0100,-2.423,3.415,8.905
2830,2024-09-06T13:10:44.293+0100,-2.451,3.354,8.812
2830,2024-09-06T13:10:44.427+0100,-2.583,3.341,8.83
2830,2024-09-06T13:10:44.561+0100,-2.549,3.258,8.941
2830,2024-09-06T13:10:44.691+0100,-2.832,3.406,8.642
2830,2024-09-06T13:10:44.825+0100,-2.655,3.323,8.789
2830,2024-09-06T13:10:44.959+0100,-2.491,3.234,8.944
2830,2024-09-06T13:10:45.091+0100,-2.18,3.157,9.228
2830,2024-09-06T13:10:45.224+0100,-1.867,2.676,9.235
2830,2024-09-06T13:10:45.357+0100,-1.596,2.567,9.516
2830,2024-09-06T13:10:45.491+0100,-1.512,2.581,9.427
2830,2024-09-06T13:10:45.624+0100,-1.611,2.524,9.519
2830,2024-09-06T13:10:45.757+0100,-1.714,2.723,9.31
2830,2024-09-06T13:10:45.890+0100,-1.63,2.74,9.345
2830,2024-09-06T13:10:46.023+0100,-1.502,2.829,9.265
2830,2024-09-06T13:10:46.156+0100,-1.649,3.312,9.019
2830,2024-09-06T13:10:46.290+0100,-1.666,3.586,8.807
2830,2024-09-06T13:10:46.423+0100,-1.985,3.468,9.071
2830,2024-09-06T13:10:46.556+0100,-1.592,3.196,9.112
2830,2024-09-06T13:10:46.693+0100,-1.446,3.086,9.001
2830,2024-09-06T13:10:46.822+0100,-1.764,3.146,9.145
2830,2024-09-06T13:10:46.956+0100,-1.945,3.128,9.118
2830,2024-09-06T13:10:47.088+0100,-2.205,3.242,8.941
2830,2024-09-06T13:10:47.222+0100,-2.239,3.185,8.975
2830,2024-09-06T13:10:47.355+0100,-2.663,3.302,8.888
2830,2024-09-06T13:10:47.488+0100,-3.032,3.526,8.685
2830,2024-09-06T13:10:47.621+0100,-2.925,3.557,8.678
2830,2024-09-06T13:10:47.754+0100,-2.867,3.498,8.63
2830,2024-09-06T13:10:47.887+0100,-2.757,3.416,8.838
2830,2024-09-06T13:10:48.021+0100,-2.788,3.449,8.705
2830,2024-09-06T13:10:48.154+0100,-2.719,3.372,8.819
2830,2024-09-06T13:10:48.287+0100,-2.76,3.43,8.65
2830,2024-09-06T13:10:48.420+0100,-2.846,3.462,8.84
2830,2024-09-06T13:10:48.553+0100,-2.419,3.293,8.773
2830,2024-09-06T13:10:48.686+0100,-2.473,3.23,8.926
2830,2024-09-06T13:10:48.819+0100,-2.671,3.343,8.688
2830,2024-09-06T13:10:48.953+0100,-2.7,3.321,8.83
2830,2024-09-06T13:10:49.086+0100,-2.551,3.262,8.87
2830,2024-09-06T13:10:49.219+0100,-2.566,3.215,8.893
2830,2024-09-06T13:10:49.352+0100,-2.87,3.291,8.732
2830,2024-09-06T13:10:49.486+0100,-2.814,3.274,8.891
2830,2024-09-06T13:10:49.620+0100,-2.596,3.176,8.876
2830,2024-09-06T13:10:49.753+0100,-2.625,3.181,8.919
2830,2024-09-06T13:10:49.886+0100,-2.723,3.258,8.911
2830,2024-09-06T13:10:50.019+0100,-2.924,3.379,8.675
2830,2024-09-06T13:10:50.152+0100,-2.415,3.166,8.139
2830,2024-09-06T13:10:50.285+0100,-0.521,2.195,7.052
2830,2024-09-06T13:10:50.418+0100,0.125,1.131,7.786
2830,2024-09-06T13:10:50.552+0100,1.101,-1.044,10.694
2830,2024-09-06T13:10:50.685+0100,1.196,-3.031,13.647
2830,2024-09-06T13:10:50.819+0100,-0.099,-2.302,9.724
2830,2024-09-06T13:10:50.952+0100,-0.081,-2.392,9.862
2830,2024-09-06T13:10:51.084+0100,-0.145,-2.027,9.547
2830,2024-09-06T13:10:51.218+0100,-0.281,-2.001,9.608
2830,2024-09-06T13:10:51.350+0100,-0.294,-1.874,9.663
2830,2024-09-06T13:10:51.484+0100,-0.361,-1.648,9.677
2830,2024-09-06T13:10:51.616+0100,-0.673,-1.485,9.788
2830,2024-09-06T13:10:51.749+0100,-2.051,-1.336,8.379
2830,2024-09-06T13:10:51.884+0100,-1.019,-0.59,9.193
2830,2024-09-06T13:10:52.015+0100,-0.025,-0.712,10.323
2830,2024-09-06T13:10:52.149+0100,0.569,-0.319,10.013
2830,2024-09-06T13:10:52.284+0100,0.694,-0.263,9.721
2830,2024-09-06T13:10:52.415+0100,0.77,-0.199,9.747
2830,2024-09-06T13:10:52.550+0100,0.85,-0.029,9.778
2830,2024-09-06T13:10:52.681+0100,0.815,-0.013,9.745
2830,2024-09-06T13:10:52.814+0100,0.813,-0.01,9.759
2830,2024-09-06T13:10:52.953+0100,0.806,-0.006,9.75
2830,2024-09-06T13:10:53.081+0100,0.803,-0.003,9.751
2830,2024-09-06T13:10:53.215+0100,0.8,-0.002,9.751
2830,2024-09-06T13:10:53.349+0100,0.804,-0.002,9.754
2830,2024-09-06T13:10:53.483+0100,0.802,0.002,9.753
2830,2024-09-06T13:10:53.614+0100,0.815,0.009,9.777
2830,2024-09-06T13:10:53.747+0100,0.691,-0.127,9.809
2830,2024-09-06T13:10:53.880+0100,0.604,-0.313,9.741
2830,2024-09-06T13:10:54.014+0100,0.594,-0.342,9.752
2830,2024-09-06T13:10:54.147+0100,0.593,-0.345,9.754
2830,2024-09-06T13:10:54.281+0100,0.588,-0.343,9.759
2830,2024-09-06T13:10:54.414+0100,0.584,-0.345,9.759
2830,2024-09-06T13:10:54.546+0100,0.584,-0.346,9.758
2830,2024-09-06T13:10:54.681+0100,0.587,-0.346,9.762
2830,2024-09-06T13:10:54.812+0100,0.586,-0.346,9.759
2830,2024-09-06T13:10:54.946+0100,0.587,-0.347,9.759
2830,2024-09-06T13:10:55.080+0100,0.59,-0.351,9.76
2830,2024-09-06T13:10:55.211+0100,0.59,-0.349,9.766
2830,2024-09-06T13:10:55.349+0100,0.589,-0.354,9.762
2830,2024-09-06T13:10:55.479+0100,0.594,-0.354,9.763
2830,2024-09-06T13:10:55.611+0100,0.592,-0.354,9.763
2830,2024-09-06T13:10:55.746+0100,0.591,-0.353,9.762
2830,2024-09-06T13:10:55.878+0100,0.59,-0.352,9.762
2830,2024-09-06T13:10:56.011+0100,0.593,-0.356,9.76
2830,2024-09-06T13:10:56.156+0100,0.593,-0.352,9.762
2830,2024-09-06T13:10:56.345+0100,0.593,-0.355,9.754
2830,2024-09-06T13:10:56.478+0100,0.592,-0.352,9.763
2830,2024-09-06T13:10:56.610+0100,0.592,-0.352,9.759
2830,2024-09-06T13:10:56.745+0100,0.592,-0.351,9.759
2830,2024-09-06T13:10:56.878+0100,0.589,-0.351,9.759
2830,2024-09-06T13:10:57.010+0100,0.59,-0.353,9.763
2830,2024-09-06T13:10:57.144+0100,0.589,-0.351,9.762
2830,2024-09-06T13:10:57.278+0100,0.589,-0.351,9.763
2830,2024-09-06T13:10:57.410+0100,0.587,-0.354,9.763
2830,2024-09-06T13:10:57.543+0100,0.591,-0.352,9.76
2830,2024-09-06T13:10:57.678+0100,0.59,-0.351,9.76
2830,2024-09-06T13:10:57.808+0100,0.59,-0.352,9.766
2830,2024-09-06T13:10:57.942+0100,0.589,-0.352,9.763
2830,2024-09-06T13:10:58.076+0100,0.589,-0.351,9.764
2830,2024-09-06T13:10:58.209+0100,0.592,-0.351,9.764
2830,2024-09-06T13:10:58.342+0100,0.591,-0.351,9.762
2830,2024-09-06T13:10:58.475+0100,0.589,-0.352,9.765
2830,2024-09-06T13:10:58.608+0100,0.588,-0.351,9.763
2830,2024-09-06T13:10:58.742+0100,0.603,-0.34,9.791
2830,2024-09-06T13:10:58.875+0100,0.632,-0.315,9.728
2830,2024-09-06T13:10:59.007+0100,0.756,-0.31,9.802
2830,2024-09-06T13:10:59.141+0100,-0.578,-0.518,11.593
2830,2024-09-06T13:10:59.224+0100,0.035,-1.408,12.942
2830,2024-09-06T13:10:59.359+0100,3.08,-0.099,11.262
2830,2024-09-06T13:10:59.490+0100,5.085,1.567,7.691
2830,2024-09-06T13:10:59.623+0100,5.529,2.148,5.604
2830,2024-09-06T13:10:59.758+0100,5.082,1.384,5.605
2830,2024-09-06T13:10:59.890+0100,1.311,1.86,8.213
2830,2024-09-06T13:11:00.023+0100,-2.064,3.361,8.85
2830,2024-09-06T13:11:00.156+0100,-2.755,3.638,8.789
2830,2024-09-06T13:11:00.289+0100,-2.994,3.105,8.904
2830,2024-09-06T13:11:00.425+0100,-2.67,2.972,9.171
2830,2024-09-06T13:11:00.556+0100,-2.551,3.03,9.08
2830,2024-09-06T13:11:00.688+0100,-2.661,3.293,8.895
2830,2024-09-06T13:11:00.822+0100,-2.649,3.334,8.78
2830,2024-09-06T13:11:00.956+0100,-2.739,3.429,8.751
2830,2024-09-06T13:11:01.088+0100,-2.776,3.498,8.616
2830,2024-09-06T13:11:01.230+0100,-2.711,3.495,8.664
2830,2024-09-06T13:11:01.356+0100,-2.724,3.463,8.803
2830,2024-09-06T13:11:01.487+0100,-2.665,3.512,8.698
2830,2024-09-06T13:11:01.620+0100,-2.579,3.427,8.816
2830,2024-09-06T13:11:01.755+0100,-2.49,3.364,8.92
2830,2024-09-06T13:11:01.887+0100,-2.748,3.447,8.58
2830,2024-09-06T13:11:02.021+0100,-2.601,3.464,8.604
2830,2024-09-06T13:11:02.152+0100,-2.17,3.062,9.002
2830,2024-09-06T13:11:02.286+0100,-2.276,3.069,9.068
2830,2024-09-06T13:11:02.419+0100,-2.186,3.038,9.069
2830,2024-09-06T13:11:02.552+0100,-2.457,2.942,9.199
2830,2024-09-06T13:11:02.685+0100,-2.038,2.882,8.908
2830,2024-09-06T13:11:02.830+0100,-1.89,2.908,9.217
2830,2024-09-06T13:11:02.952+0100,-2.298,2.986,9.148
2830,2024-09-06T13:11:03.085+0100,-2.39,2.929,8.841
2830,2024-09-06T13:11:03.219+0100,-2.303,2.932,9.115
2830,2024-09-06T13:11:03.352+0100,-2.464,2.972,9.223
2830,2024-09-06T13:11:03.486+0100,-2.402,2.932,8.976
2830,2024-09-06T13:11:03.621+0100,-2.299,2.941,8.968
2830,2024-09-06T13:11:03.751+0100,-2.331,2.947,9.07
2830,2024-09-06T13:11:03.884+0100,-1.817,2.673,9.223
2830,2024-09-06T13:11:04.017+0100,-1.496,2.591,9.392
2830,2024-09-06T13:11:04.117+0100,-1.177,2.413,9.292
2830,2024-09-06T13:11:04.250+0100,-1.305,2.545,9.445
2830,2024-09-06T13:11:04.382+0100,-1.195,2.535,9.287
2830,2024-09-06T13:11:04.516+0100,-1.256,2.662,9.326
2830,2024-09-06T13:11:04.649+0100,-1.334,2.723,9.356
2830,2024-09-06T13:11:04.782+0100,-1.301,2.736,8.844
2830,2024-09-06T13:11:04.915+0100,-1.626,2.573,9.596
2830,2024-09-06T13:11:05.049+0100,-1.792,2.871,9.104
2830,2024-09-06T13:11:05.182+0100,-1.515,2.627,9.293
2830,2024-09-06T13:11:05.315+0100,-1.453,2.64,9.239
2830,2024-09-06T13:11:05.448+0100,-1.455,2.584,9.424
2830,2024-09-06T13:11:05.581+0100,-1.563,2.614,9.334
2830,2024-09-06T13:11:05.715+0100,-1.618,2.628,9.315
2830,2024-09-06T13:11:05.848+0100,-1.538,2.598,9.312
2830,2024-09-06T13:11:05.981+0100,-1.473,2.564,9.379
2830,2024-09-06T13:11:06.114+0100,-1.487,2.548,9.338
2830,2024-09-06T13:11:06.252+0100,-1.494,2.521,9.328
2830,2024-09-06T13:11:06.380+0100,-1.467,2.496,9.307
2830,2024-09-06T13:11:06.513+0100,-1.498,2.519,9.334
2830,2024-09-06T13:11:06.647+0100,-1.511,2.488,9.357
2830,2024-09-06T13:11:06.780+0100,-1.481,2.477,9.406
2830,2024-09-06T13:11:06.913+0100,-1.493,2.469,9.471
2830,2024-09-06T13:11:07.048+0100,-1.44,2.667,9.239
2830,2024-09-06T13:11:07.197+0100,-1.4,2.875,9.101
2830,2024-09-06T13:11:07.312+0100,-1.364,2.93,9.263
2830,2024-09-06T13:11:07.445+0100,-1.245,2.858,9.344
2830,2024-09-06T13:11:07.579+0100,-1.199,2.792,9.348
2830,2024-09-06T13:11:07.712+0100,-1.142,2.768,9.316
2830,2024-09-06T13:11:07.845+0100,-1.094,2.718,9.374
2830,2024-09-06T13:11:07.978+0100,-1.08,2.619,9.416
2830,2024-09-06T13:11:08.111+0100,-1.155,2.747,9.477
2830,2024-09-06T13:11:08.248+0100,-1.64,2.993,9.242
2830,2024-09-06T13:11:08.378+0100,-2.046,3.129,8.931
2830,2024-09-06T13:11:08.511+0100,-1.859,3.079,9.007
2830,2024-09-06T13:11:08.644+0100,-1.957,3.102,9.087
2830,2024-09-06T13:11:08.777+0100,-1.958,3.063,9.099
2830,2024-09-06T13:11:08.910+0100,-1.986,3.084,9.046
2830,2024-09-06T13:11:09.044+0100,-2.137,3.118,9.102
2830,2024-09-06T13:11:09.225+0100,-2.096,3.124,9.005
2830,2024-09-06T13:11:09.316+0100,-2.18,3.12,9.04
2830,2024-09-06T13:11:09.453+0100,-1.878,3.044,9.167
2830,2024-09-06T13:11:09.580+0100,-1.815,2.953,9.108
2830,2024-09-06T13:11:09.710+0100,-1.867,2.937,9.105
2830,2024-09-06T13:11:09.842+0100,-2.003,3.003,9.086
2830,2024-09-06T13:11:09.976+0100,-2.096,3.088,9.057
2830,2024-09-06T13:11:10.109+0100,-1.911,3.071,8.927
2830,2024-09-06T13:11:10.249+0100,-1.972,3.058,9.013
2830,2024-09-06T13:11:10.375+0100,-2.042,3.057,9.12
2830,2024-09-06T13:11:10.510+0100,-2.018,3.044,9.05
2830,2024-09-06T13:11:10.641+0100,-2.006,3.036,9.059
2830,2024-09-06T13:11:10.777+0100,-2.053,3.021,9.127
2830,2024-09-06T13:11:10.908+0100,-2.018,3.001,9.089
2830,2024-09-06T13:11:11.045+0100,-1.81,2.917,9.03
2830,2024-09-06T13:11:11.175+0100,-2.055,3.005,9.12
2830,2024-09-06T13:11:11.308+0100,-2.606,3.153,8.976
2830,2024-09-06T13:11:11.441+0100,-3.048,3.326,8.594
2830,2024-09-06T13:11:11.575+0100,-2.833,3.291,8.713
2830,2024-09-06T13:11:11.707+0100,-2.992,3.395,8.573
