2807,2024-09-05T09:33:26.492+0100,3.522,5.703,7.614
2807,2024-09-05T09:33:26.496+0100,3.309,5.358,6.893
2807,2024-09-05T09:33:26.582+0100,2.61,5.344,8.176
2807,2024-09-05T09:33:26.585+0100,2.418,5.188,7.798
2807,2024-09-05T09:33:26.677+0100,2.282,4.937,7.7
2807,2024-09-05T09:33:26.772+0100,2.418,5.198,8.085
2807,2024-09-05T09:33:26.776+0100,2.052,5.059,8.023
2807,2024-09-05T09:33:26.867+0100,2.025,4.944,7.98
2807,2024-09-05T09:33:26.870+0100,2.018,4.935,8.222
2807,2024-09-05T09:33:26.984+0100,1.846,5.064,8.107
2807,2024-09-05T09:33:27.065+0100,1.242,4.714,8.552
2807,2024-09-05T09:33:27.073+0100,1.245,4.583,8.452
2807,2024-09-05T09:33:27.155+0100,1.714,4.676,8.147
2807,2024-09-05T09:33:27.162+0100,1.693,4.815,8.677
2807,2024-09-05T09:33:27.266+0100,1.87,4.688,8.021
2807,2024-09-05T09:33:27.365+0100,1.647,4.654,8.466
2807,2024-09-05T09:33:27.373+0100,1.867,4.736,8.315
2807,2024-09-05T09:33:27.442+0100,1.75,4.657,8.463
2807,2024-09-05T09:33:27.449+0100,1.626,4.616,8.253
2807,2024-09-05T09:33:27.537+0100,1.676,4.58,8.282
2807,2024-09-05T09:33:27.646+0100,1.618,4.628,8.375
2807,2024-09-05T09:33:27.653+0100,1.551,4.532,8.351
2807,2024-09-05T09:33:27.747+0100,1.417,4.587,8.449
2807,2024-09-05T09:33:27.754+0100,1.482,4.468,8.38
2807,2024-09-05T09:33:27.852+0100,1.412,4.477,8.543
2807,2024-09-05T09:33:27.965+0100,1.35,4.501,8.528
2807,2024-09-05T09:33:27.973+0100,1.266,4.609,8.471
2807,2024-09-05T09:33:28.014+0100,2.734,4.736,8.107
2807,2024-09-05T09:33:28.022+0100,3.51,5.023,7.863
2807,2024-09-05T09:33:28.110+0100,2.909,4.899,8.219
2807,2024-09-05T09:33:28.206+0100,2.049,4.528,8.365
2807,2024-09-05T09:33:28.214+0100,1.858,4.542,8.27
2807,2024-09-05T09:33:28.326+0100,1.731,4.575,8.471
2807,2024-09-05T09:33:28.333+0100,1.784,4.53,8.435
2807,2024-09-05T09:33:28.397+0100,1.803,4.444,8.222
2807,2024-09-05T09:33:28.492+0100,1.748,4.451,8.43
2807,2024-09-05T09:33:28.499+0100,1.609,4.53,8.526
2807,2024-09-05T09:33:28.587+0100,1.573,4.362,8.487
2807,2024-09-05T09:33:28.595+0100,1.633,4.413,8.461
2807,2024-09-05T09:33:28.685+0100,1.767,4.547,8.684
2807,2024-09-05T09:33:28.778+0100,1.91,4.542,8.305
2807,2024-09-05T09:33:28.786+0100,1.628,4.444,8.528
2807,2024-09-05T09:33:28.873+0100,1.523,4.458,8.502
2807,2024-09-05T09:33:28.881+0100,1.628,4.477,8.531
2807,2024-09-05T09:33:28.988+0100,1.511,4.398,8.588
2807,2024-09-05T09:33:29.086+0100,1.515,4.487,8.485
2807,2024-09-05T09:33:29.094+0100,1.489,4.417,8.689
2807,2024-09-05T09:33:29.198+0100,1.448,4.379,8.408
2807,2024-09-05T09:33:29.206+0100,1.472,4.367,8.552
2807,2024-09-05T09:33:29.306+0100,1.379,4.439,8.495
2807,2024-09-05T09:33:29.351+0100,1.496,4.329,8.636
2807,2024-09-05T09:33:29.359+0100,1.525,4.446,8.483
2807,2024-09-05T09:33:29.446+0100,1.48,4.468,8.557
2807,2024-09-05T09:33:29.454+0100,1.503,4.408,8.425
2807,2024-09-05T09:33:29.542+0100,1.367,4.41,8.602
2807,2024-09-05T09:33:29.637+0100,1.484,4.396,8.605
2807,2024-09-05T09:33:29.645+0100,1.532,4.444,8.643
2807,2024-09-05T09:33:29.733+0100,1.556,4.394,8.564
2807,2024-09-05T09:33:29.741+0100,1.688,4.587,8.344
2807,2024-09-05T09:33:29.829+0100,1.606,4.554,8.499
2807,2024-09-05T09:33:29.943+0100,1.705,4.463,8.459
2807,2024-09-05T09:33:29.951+0100,1.539,4.379,8.509
2807,2024-09-05T09:33:30.019+0100,1.274,4.317,8.677
2807,2024-09-05T09:33:30.027+0100,1.535,4.379,8.633
2807,2024-09-05T09:33:30.115+0100,1.551,4.348,8.758
2807,2024-09-05T09:33:30.229+0100,1.87,4.156,8.574
2807,2024-09-05T09:33:30.238+0100,1.64,4.267,8.598
2807,2024-09-05T09:33:30.324+0100,1.609,4.331,8.61
2807,2024-09-05T09:33:30.333+0100,1.652,4.372,8.48
2807,2024-09-05T09:33:30.439+0100,1.554,4.348,8.586
2807,2024-09-05T09:33:30.546+0100,1.657,4.41,8.619
2807,2024-09-05T09:33:30.554+0100,1.994,4.516,8.361
2807,2024-09-05T09:33:30.668+0100,2.634,4.671,8.009
2807,2024-09-05T09:33:30.676+0100,2.406,4.731,8.325
2807,2024-09-05T09:33:30.764+0100,2.363,4.705,8.353
2807,2024-09-05T09:33:30.865+0100,2.44,4.683,8.035
2807,2024-09-05T09:33:30.874+0100,2.789,4.824,7.93
2807,2024-09-05T09:33:30.945+0100,2.753,4.86,7.922
2807,2024-09-05T09:33:30.954+0100,2.971,4.88,7.822
2807,2024-09-05T09:33:30.973+0100,2.918,4.925,7.822
2807,2024-09-05T09:33:31.068+0100,2.986,4.935,7.92
2807,2024-09-05T09:33:31.072+0100,3.479,4.997,7.506
2807,2024-09-05T09:33:31.183+0100,3.048,4.796,7.75
2807,2024-09-05T09:33:31.187+0100,3.316,4.947,7.664
2807,2024-09-05T09:33:31.259+0100,3.213,4.908,7.64
2807,2024-09-05T09:33:31.354+0100,2.914,4.882,7.946
2807,2024-09-05T09:33:31.358+0100,3.036,5.009,7.86
2807,2024-09-05T09:33:31.450+0100,2.756,4.875,7.736
2807,2024-09-05T09:33:31.454+0100,2.952,4.918,7.75
2807,2024-09-05T09:33:31.546+0100,3.019,4.918,7.922
2807,2024-09-05T09:33:31.641+0100,2.825,4.87,7.798
2807,2024-09-05T09:33:31.650+0100,3.077,4.877,7.898
2807,2024-09-05T09:33:31.744+0100,2.748,5.016,7.784
2807,2024-09-05T09:33:31.748+0100,3.357,4.645,7.226
2807,2024-09-05T09:33:31.844+0100,1.918,4.389,8.894
2807,2024-09-05T09:33:31.927+0100,1.623,4.496,8.581
2807,2024-09-05T09:33:31.931+0100,1.621,4.209,8.361
2807,2024-09-05T09:33:32.022+0100,2.076,4.305,8.43
2807,2024-09-05T09:33:32.027+0100,1.702,4.24,8.638
2807,2024-09-05T09:33:32.118+0100,1.178,4.209,8.837
2807,2024-09-05T09:33:32.213+0100,0.833,4.015,8.516
2807,2024-09-05T09:33:32.217+0100,1.283,4.037,8.691
2807,2024-09-05T09:33:32.310+0100,1.326,4.161,8.356
2807,2024-09-05T09:33:32.319+0100,1.264,4.027,9.167
2807,2024-09-05T09:33:32.406+0100,1.18,3.644,8.703
2807,2024-09-05T09:33:32.526+0100,1.709,4.101,9.132
2807,2024-09-05T09:33:32.536+0100,1.628,3.979,9.052
2807,2024-09-05T09:33:32.633+0100,1.566,3.843,9.009
2807,2024-09-05T09:33:32.637+0100,1.221,3.69,8.468
2807,2024-09-05T09:33:32.710+0100,2.595,4.025,8.598
2807,2024-09-05T09:33:32.786+0100,1.808,4.046,9.072
2807,2024-09-05T09:33:32.791+0100,1.99,3.807,8.78
2807,2024-09-05T09:33:32.883+0100,1.506,3.587,8.696
2807,2024-09-05T09:33:32.887+0100,1.197,3.627,8.959
2807,2024-09-05T09:33:32.977+0100,1.403,3.802,8.88
2807,2024-09-05T09:33:33.072+0100,1.056,3.663,8.849
2807,2024-09-05T09:33:33.077+0100,0.831,3.488,9.112
2807,2024-09-05T09:33:33.168+0100,0.814,3.39,9.098
2807,2024-09-05T09:33:33.173+0100,1.01,3.608,9.153
2807,2024-09-05T09:33:33.284+0100,0.914,3.57,8.923
2807,2024-09-05T09:33:33.386+0100,0.862,3.615,9.009
2807,2024-09-05T09:33:33.396+0100,0.828,3.747,8.938
2807,2024-09-05T09:33:33.474+0100,0.869,3.697,9.148
2807,2024-09-05T09:33:33.484+0100,0.699,3.455,8.751
2807,2024-09-05T09:33:33.551+0100,0.642,3.388,8.825
2807,2024-09-05T09:33:33.646+0100,1.82,3.943,8.617
2807,2024-09-05T09:33:33.657+0100,3.385,4.281,8.851
2807,2024-09-05T09:33:33.742+0100,3.002,4.034,8.59
2807,2024-09-05T09:33:33.753+0100,3.357,4.082,8.021
2807,2024-09-05T09:33:33.838+0100,2.703,3.898,8.109
2807,2024-09-05T09:33:33.933+0100,2.921,4.295,8.614
2807,2024-09-05T09:33:33.943+0100,2.643,3.632,8.42
2807,2024-09-05T09:33:34.029+0100,3.773,4.362,7.841
2807,2024-09-05T09:33:34.040+0100,3.831,4.159,7.092
2807,2024-09-05T09:33:34.123+0100,5.138,5.102,6.986
2807,2024-09-05T09:33:34.220+0100,5.255,4.698,6.938
2807,2024-09-05T09:33:34.231+0100,5.71,4.805,6.376
2807,2024-09-05T09:33:34.334+0100,5.895,4.619,6.119
2807,2024-09-05T09:33:34.345+0100,6.323,4.686,6.038
2807,2024-09-05T09:33:34.428+0100,6.287,5.021,5.88
2807,2024-09-05T09:33:34.504+0100,6.56,4.887,5.566
2807,2024-09-05T09:33:34.509+0100,6.127,4.705,6.778
2807,2024-09-05T09:33:34.600+0100,4.324,4.439,7.736
2807,2024-09-05T09:33:34.605+0100,3.666,4.288,8.272
2807,2024-09-05T09:33:34.696+0100,2.468,3.814,7.922
2807,2024-09-05T09:33:34.791+0100,2.78,3.967,8.382
2807,2024-09-05T09:33:34.796+0100,2.03,3.819,8.531
2807,2024-09-05T09:33:34.886+0100,1.939,4.075,8.842
2807,2024-09-05T09:33:34.891+0100,1.97,3.864,8.722
2807,2024-09-05T09:33:34.987+0100,2.279,3.927,8.499
2807,2024-09-05T09:33:35.078+0100,2.054,4.034,8.547
2807,2024-09-05T09:33:35.090+0100,1.994,4.039,8.401
2807,2024-09-05T09:33:35.186+0100,2.586,4.379,8.571
2807,2024-09-05T09:33:35.199+0100,2.416,4.104,8.373
2807,2024-09-05T09:33:35.286+0100,3.079,4.434,8.037
2807,2024-09-05T09:33:35.385+0100,2.909,4.317,8.303
2807,2024-09-05T09:33:35.396+0100,2.763,4.264,8.337
2807,2024-09-05T09:33:35.485+0100,2.71,4.358,8.214
2807,2024-09-05T09:33:35.497+0100,2.796,4.326,8.442
2807,2024-09-05T09:33:35.555+0100,2.945,4.401,7.884
2807,2024-09-05T09:33:35.667+0100,3.517,4.52,7.74
2807,2024-09-05T09:33:35.674+0100,3.673,4.52,7.74
2807,2024-09-05T09:33:35.745+0100,4.3,4.513,7.427
2807,2024-09-05T09:33:35.750+0100,4.159,4.865,7.575
2807,2024-09-05T09:33:35.840+0100,4.204,4.53,7.621
2807,2024-09-05T09:33:35.936+0100,3.299,4.322,8.171
2807,2024-09-05T09:33:35.941+0100,2.636,4.295,8.241
2807,2024-09-05T09:33:36.032+0100,2.569,4.224,8.696
2807,2024-09-05T09:33:36.036+0100,2.32,4.137,8.559
2807,2024-09-05T09:33:36.127+0100,2.511,4.176,8.471
2807,2024-09-05T09:33:36.224+0100,2.253,4.085,8.337
2807,2024-09-05T09:33:36.229+0100,2.15,4.094,8.396
2807,2024-09-05T09:33:36.338+0100,2.921,4.3,8.382
2807,2024-09-05T09:33:36.351+0100,2.49,4.221,8.255
2807,2024-09-05T09:33:36.414+0100,1.061,2.986,9.189
2807,2024-09-05T09:33:36.509+0100,0.632,3.409,8.971
2807,2024-09-05T09:33:36.521+0100,1.077,3.424,9.361
2807,2024-09-05T09:33:36.606+0100,1.489,3.852,9.285
2807,2024-09-05T09:33:36.618+0100,1.719,3.51,8.916
2807,2024-09-05T09:33:36.700+0100,1.362,3.517,8.313
2807,2024-09-05T09:33:36.795+0100,1.867,3.639,9.242
2807,2024-09-05T09:33:36.801+0100,1.312,3.618,8.945
2807,2024-09-05T09:33:36.890+0100,0.917,3.608,8.861
2807,2024-09-05T09:33:36.896+0100,1.499,3.709,8.684
2807,2024-09-05T09:33:36.986+0100,1.039,3.637,9.057
2807,2024-09-05T09:33:37.082+0100,1.238,3.644,8.724
2807,2024-09-05T09:33:37.087+0100,1.508,3.793,9.064
2807,2024-09-05T09:33:37.177+0100,1.142,3.74,8.926
2807,2024-09-05T09:33:37.182+0100,1.108,3.694,8.839
2807,2024-09-05T09:33:37.274+0100,1.221,3.795,8.887
2807,2024-09-05T09:33:37.386+0100,1.051,3.749,8.734
2807,2024-09-05T09:33:37.402+0100,1.156,3.807,8.839
2807,2024-09-05T09:33:37.485+0100,0.986,3.802,8.969
2807,2024-09-05T09:33:37.498+0100,1.065,3.872,8.997
2807,2024-09-05T09:33:37.605+0100,0.481,3.773,8.921
2807,2024-09-05T09:33:37.674+0100,0.697,3.663,8.95
2807,2024-09-05T09:33:37.689+0100,0.876,3.802,9.275
2807,2024-09-05T09:33:37.765+0100,0.97,3.716,8.966
2807,2024-09-05T09:33:37.779+0100,0.692,3.678,8.76
2807,2024-09-05T09:33:37.847+0100,0.687,3.706,9.019
2807,2024-09-05T09:33:37.942+0100,0.692,3.726,9.048
2807,2024-09-05T09:33:37.955+0100,0.606,3.651,9.029
2807,2024-09-05T09:33:38.038+0100,0.682,3.709,9.199
2807,2024-09-05T09:33:38.052+0100,0.685,3.601,8.679
2807,2024-09-05T09:33:38.146+0100,0.766,3.52,9.388
2807,2024-09-05T09:33:38.228+0100,0.998,3.18,7.602
2807,2024-09-05T09:33:38.244+0100,2.112,4.212,9.127
2807,2024-09-05T09:33:38.324+0100,1.41,4.317,9.392
2807,2024-09-05T09:33:38.338+0100,0.395,3.297,9.407
2807,2024-09-05T09:33:38.421+0100,0.567,3.419,8.526
2807,2024-09-05T09:33:38.515+0100,0.237,3.168,9.802
2807,2024-09-05T09:33:38.529+0100,0.208,3.613,8.906
2807,2024-09-05T09:33:38.610+0100,0.589,3.615,8.849
2807,2024-09-05T09:33:38.624+0100,1.345,4.372,8.346
2807,2024-09-05T09:33:38.706+0100,0.965,4.14,8.667
2807,2024-09-05T09:33:38.806+0100,0.922,4.049,8.93
2807,2024-09-05T09:33:38.821+0100,0.728,3.936,8.835
2807,2024-09-05T09:33:38.898+0100,0.948,3.862,8.808
2807,2024-09-05T09:33:38.912+0100,0.8,3.826,8.768
2807,2024-09-05T09:33:38.993+0100,1.027,3.812,8.914
2807,2024-09-05T09:33:39.087+0100,1.032,3.919,8.878
2807,2024-09-05T09:33:39.102+0100,0.675,3.845,9.076
2807,2024-09-05T09:33:39.203+0100,0.756,3.828,9.124
2807,2024-09-05T09:33:39.217+0100,0.527,3.694,8.866
2807,2024-09-05T09:33:39.279+0100,0.754,3.778,8.696
2807,2024-09-05T09:33:39.405+0100,0.879,3.943,8.813
2807,2024-09-05T09:33:39.419+0100,0.713,3.79,8.981
2807,2024-09-05T09:33:39.469+0100,0.764,3.857,8.724
2807,2024-09-05T09:33:39.485+0100,0.919,3.793,9.127
2807,2024-09-05T09:33:39.565+0100,0.766,3.836,8.849
2807,2024-09-05T09:33:39.660+0100,0.591,3.74,9.067
2807,2024-09-05T09:33:39.675+0100,0.835,3.783,9.103
2807,2024-09-05T09:33:39.808+0100,0.682,3.654,8.844
2807,2024-09-05T09:33:39.815+0100,0.838,3.888,8.902
2807,2024-09-05T09:33:39.866+0100,0.639,3.733,9.009
2807,2024-09-05T09:33:39.946+0100,0.74,3.79,8.964
2807,2024-09-05T09:33:39.961+0100,0.596,3.749,8.892
2807,2024-09-05T09:33:40.042+0100,0.62,3.757,8.981
2807,2024-09-05T09:33:40.058+0100,0.78,3.831,9.043
2807,2024-09-05T09:33:40.166+0100,0.749,3.807,8.854
2807,2024-09-05T09:33:40.271+0100,0.711,3.742,9.012
2807,2024-09-05T09:33:40.287+0100,0.601,3.831,8.957
2807,2024-09-05T09:33:40.347+0100,0.701,3.776,8.99
2807,2024-09-05T09:33:40.363+0100,0.67,3.718,8.969
2807,2024-09-05T09:33:40.425+0100,0.977,3.874,8.847
2807,2024-09-05T09:33:40.538+0100,0.677,3.678,9.043
2807,2024-09-05T09:33:40.555+0100,0.474,3.658,8.938
2807,2024-09-05T09:33:40.634+0100,0.51,3.833,8.827
2807,2024-09-05T09:33:40.650+0100,0.555,3.498,9.11
2807,2024-09-05T09:33:40.745+0100,0.598,3.67,8.349
2807,2024-09-05T09:33:40.865+0100,0.776,3.508,9.641
2807,2024-09-05T09:33:40.881+0100,0.728,3.397,9.476
2807,2024-09-05T09:33:40.901+0100,0.608,3.685,8.859
2807,2024-09-05T09:33:40.916+0100,0.328,3.735,9.165
2807,2024-09-05T09:33:40.997+0100,0.345,3.491,9.584
2807,2024-09-05T09:33:41.105+0100,-0.069,3.153,9.151
2807,2024-09-05T09:33:41.122+0100,0.752,3.374,8.6
2807,2024-09-05T09:33:41.188+0100,1.855,3.512,8.61
2807,2024-09-05T09:33:41.206+0100,2.155,3.79,9.996
2807,2024-09-05T09:33:41.285+0100,1.223,3.366,9.048
2807,2024-09-05T09:33:41.405+0100,1.937,3.872,8.935
2807,2024-09-05T09:33:41.423+0100,1.729,3.615,8.945
2807,2024-09-05T09:33:41.473+0100,1.834,3.845,9.012
2807,2024-09-05T09:33:41.488+0100,1.726,3.67,8.952
2807,2024-09-05T09:33:41.569+0100,1.896,3.864,8.995
2807,2024-09-05T09:33:41.665+0100,1.709,3.788,8.803
2807,2024-09-05T09:33:41.682+0100,1.913,3.893,8.641
2807,2024-09-05T09:33:41.759+0100,1.448,3.793,8.918
2807,2024-09-05T09:33:41.766+0100,1.42,3.946,7.403
2807,2024-09-05T09:33:41.855+0100,1.468,3.915,9.536
2807,2024-09-05T09:33:41.963+0100,0.883,3.785,8.473
2807,2024-09-05T09:33:41.970+0100,0.96,3.565,9.369
2807,2024-09-05T09:33:42.045+0100,0.814,3.608,8.918
2807,2024-09-05T09:33:42.052+0100,0.845,3.582,9.191
2807,2024-09-05T09:33:42.141+0100,0.819,3.709,9.081
2807,2024-09-05T09:33:42.236+0100,0.898,3.635,9.017
2807,2024-09-05T09:33:42.244+0100,0.721,3.737,8.976
2807,2024-09-05T09:33:42.333+0100,0.8,3.735,9.211
2807,2024-09-05T09:33:42.341+0100,0.586,3.596,8.981
2807,2024-09-05T09:33:42.427+0100,2.083,3.544,8.928
2807,2024-09-05T09:33:42.535+0100,1.424,4.19,9.364
2807,2024-09-05T09:33:42.542+0100,1.032,3.678,9.213
2807,2024-09-05T09:33:42.618+0100,0.675,3.584,8.978
2807,2024-09-05T09:33:42.626+0100,0.558,3.522,8.823
2807,2024-09-05T09:33:42.715+0100,0.716,3.769,8.94
2807,2024-09-05T09:33:42.809+0100,0.886,3.728,8.976
2807,2024-09-05T09:33:42.816+0100,0.721,3.747,8.923
2807,2024-09-05T09:33:42.905+0100,0.795,3.74,8.859
2807,2024-09-05T09:33:42.912+0100,0.476,3.711,9.146
2807,2024-09-05T09:33:43.000+0100,1.772,3.8,7.982
2807,2024-09-05T09:33:43.103+0100,1.851,4.185,9.776
2807,2024-09-05T09:33:43.111+0100,1.539,3.836,8.511
2807,2024-09-05T09:33:43.191+0100,1.056,3.565,9.313
2807,2024-09-05T09:33:43.199+0100,0.282,3.4,8.94
2807,2024-09-05T09:33:43.286+0100,0.23,3.584,9.132
2807,2024-09-05T09:33:43.382+0100,0.62,3.84,9.007
2807,2024-09-05T09:33:43.390+0100,0.857,3.563,9.105
2807,2024-09-05T09:33:43.478+0100,0.076,3.148,9.036
2807,2024-09-05T09:33:43.486+0100,-0.875,3.132,8.854
2807,2024-09-05T09:33:43.574+0100,-1.725,3.05,8.997
2807,2024-09-05T09:33:43.686+0100,-1.701,3.108,9.136
2807,2024-09-05T09:33:43.706+0100,-1.795,3.292,9.349
2807,2024-09-05T09:33:43.765+0100,-1.405,3.563,9.826
2807,2024-09-05T09:33:43.786+0100,-1.242,3.292,8.952
2807,2024-09-05T09:33:43.861+0100,-0.528,3.199,9.069
2807,2024-09-05T09:33:43.955+0100,-0.722,3.177,8.887
2807,2024-09-05T09:33:43.967+0100,0.352,3.699,8.966
2807,2024-09-05T09:33:44.051+0100,-0.425,3.429,9.155
2807,2024-09-05T09:33:44.073+0100,0.481,3.951,9.505
2807,2024-09-05T09:33:44.147+0100,0.041,3.524,9.019
2807,2024-09-05T09:33:44.241+0100,1.937,4.283,6.986
2807,2024-09-05T09:33:44.249+0100,1.594,3.591,9.151
2807,2024-09-05T09:33:44.337+0100,0.828,3.852,8.765
2807,2024-09-05T09:33:44.346+0100,0.718,3.838,9.215
2807,2024-09-05T09:33:44.432+0100,0.335,3.431,8.89
2807,2024-09-05T09:33:44.528+0100,0.721,3.79,9.069
2807,2024-09-05T09:33:44.536+0100,0.594,3.637,8.856
2807,2024-09-05T09:33:44.623+0100,0.699,3.824,8.997
2807,2024-09-05T09:33:44.631+0100,0.62,3.819,9.072
2807,2024-09-05T09:33:44.718+0100,0.565,3.706,8.796
2807,2024-09-05T09:33:44.814+0100,1.666,3.481,9.124
2807,2024-09-05T09:33:44.822+0100,1.099,4.099,9.57
2807,2024-09-05T09:33:44.909+0100,0.572,3.663,9.505
2807,2024-09-05T09:33:44.917+0100,0.57,3.572,8.645
2807,2024-09-05T09:33:45.005+0100,0.484,3.606,8.571
2807,2024-09-05T09:33:45.101+0100,0.378,3.891,9.208
2807,2024-09-05T09:33:45.110+0100,0.364,3.646,9.009
2807,2024-09-05T09:33:45.196+0100,0.519,3.723,8.756
2807,2024-09-05T09:33:45.204+0100,1.695,3.635,9.261
2807,2024-09-05T09:33:45.297+0100,1.46,4.25,9.462
2807,2024-09-05T09:33:45.387+0100,1.401,3.824,8.971
2807,2024-09-05T09:33:45.396+0100,0.831,3.572,8.732
2807,2024-09-05T09:33:45.483+0100,-0.567,2.99,9.074
2807,2024-09-05T09:33:45.493+0100,-0.21,3.395,9.8
2807,2024-09-05T09:33:45.577+0100,-0.217,3.321,9.313
2807,2024-09-05T09:33:45.674+0100,-0.315,3.345,9.172
2807,2024-09-05T09:33:45.682+0100,-0.133,3.302,9.055
2807,2024-09-05T09:33:45.769+0100,-0.133,3.311,9.27
2807,2024-09-05T09:33:45.779+0100,0.1,3.326,9.036
2807,2024-09-05T09:33:45.864+0100,0.658,3.754,9.019
2807,2024-09-05T09:33:45.963+0100,1.192,3.309,9.208
2807,2024-09-05T09:33:45.972+0100,0.68,3.809,9.383
2807,2024-09-05T09:33:46.055+0100,0.314,3.532,9.531
2807,2024-09-05T09:33:46.064+0100,-0.224,3.18,8.545
2807,2024-09-05T09:33:46.150+0100,0.213,3.582,8.904
2807,2024-09-05T09:33:46.245+0100,0.084,3.577,9.108
2807,2024-09-05T09:33:46.254+0100,-0.03,3.611,9.103
2807,2024-09-05T09:33:46.341+0100,-0.124,3.556,8.741
2807,2024-09-05T09:33:46.350+0100,0.251,3.498,8.918
2807,2024-09-05T09:33:46.437+0100,0.321,3.735,8.021
2807,2024-09-05T09:33:46.567+0100,1.07,3.922,9.651
2807,2024-09-05T09:33:46.577+0100,-0.152,3.45,8.847
2807,2024-09-05T09:33:46.628+0100,0.246,3.611,9.112
2807,2024-09-05T09:33:46.637+0100,-0.131,3.453,8.696
2807,2024-09-05T09:33:46.723+0100,0.314,3.723,9.503
2807,2024-09-05T09:33:46.819+0100,-0.04,3.51,8.748
2807,2024-09-05T09:33:46.829+0100,-0.136,3.469,8.626
2807,2024-09-05T09:33:46.915+0100,1.01,3.421,9.596
2807,2024-09-05T09:33:46.924+0100,0.934,4.089,9.63
2807,2024-09-05T09:33:47.009+0100,0.414,3.515,9.211
2807,2024-09-05T09:33:47.105+0100,-0.258,3.129,8.669
2807,2024-09-05T09:33:47.115+0100,-0.358,3.278,8.892
2807,2024-09-05T09:33:47.200+0100,-0.186,3.527,9.287
2807,2024-09-05T09:33:47.211+0100,-0.241,3.407,9.464
2807,2024-09-05T09:33:47.297+0100,-0.061,3.323,8.952
2807,2024-09-05T09:33:47.392+0100,-0.085,3.579,9.184
2807,2024-09-05T09:33:47.401+0100,-0.313,3.56,9.261
2807,2024-09-05T09:33:47.488+0100,-0.035,3.52,8.952
2807,2024-09-05T09:33:47.506+0100,-0.188,3.433,8.677
2807,2024-09-05T09:33:47.582+0100,0.936,3.757,9.424
2807,2024-09-05T09:33:47.677+0100,-0.035,3.728,9.237
2807,2024-09-05T09:33:47.688+0100,-0.181,3.56,9.524
2807,2024-09-05T09:33:47.773+0100,-0.382,3.321,8.677
2807,2024-09-05T09:33:47.784+0100,-0.176,3.577,9.029
2807,2024-09-05T09:33:47.868+0100,-0.373,3.544,9.132
2807,2024-09-05T09:33:47.964+0100,-0.109,3.335,8.329
2807,2024-09-05T09:33:47.975+0100,0.163,3.553,9.613
2807,2024-09-05T09:33:48.059+0100,-0.188,3.582,9.086
2807,2024-09-05T09:33:48.070+0100,-0.133,3.603,9.27
2807,2024-09-05T09:33:48.155+0100,0.048,3.479,8.808
2807,2024-09-05T09:33:48.250+0100,-0.231,3.611,9.062
2807,2024-09-05T09:33:48.261+0100,-0.274,3.563,9.218
2807,2024-09-05T09:33:48.346+0100,-0.394,3.474,7.942
2807,2024-09-05T09:33:48.358+0100,0.539,3.824,9.424
2807,2024-09-05T09:33:48.441+0100,0.045,3.632,9.266
2807,2024-09-05T09:33:48.537+0100,-0.351,3.517,9.539
2807,2024-09-05T09:33:48.548+0100,-0.679,3.388,8.705
2807,2024-09-05T09:33:48.632+0100,-0.447,3.481,8.827
2807,2024-09-05T09:33:48.643+0100,-0.356,3.567,9.074
2807,2024-09-05T09:33:48.728+0100,-0.241,3.651,9.402
2807,2024-09-05T09:33:48.845+0100,-0.327,3.637,9.019
2807,2024-09-05T09:33:48.858+0100,-0.626,3.414,8.729
2807,2024-09-05T09:33:48.925+0100,-0.437,3.529,8.813
2807,2024-09-05T09:33:48.957+0100,-0.397,3.637,9.033
2807,2024-09-05T09:33:49.016+0100,-0.193,3.601,9.29
2807,2024-09-05T09:33:49.111+0100,-0.444,3.453,8.799
2807,2024-09-05T09:33:49.142+0100,-0.327,3.486,9.098
2807,2024-09-05T09:33:49.207+0100,-0.143,3.608,9.115
2807,2024-09-05T09:33:49.234+0100,0.055,3.548,9.218
2807,2024-09-05T09:33:49.302+0100,-0.095,3.474,9.194
2807,2024-09-05T09:33:49.398+0100,-0.016,3.551,9.052
2807,2024-09-05T09:33:49.429+0100,0.127,3.522,9.005
2807,2024-09-05T09:33:49.494+0100,0.041,3.548,9.191
2807,2024-09-05T09:33:49.524+0100,0.033,3.544,9.079
2807,2024-09-05T09:33:49.588+0100,0.227,3.663,9.203
2807,2024-09-05T09:33:49.686+0100,-0.028,3.445,9.184
2807,2024-09-05T09:33:49.718+0100,-0.002,3.613,9.093
2807,2024-09-05T09:33:49.786+0100,-0.363,3.251,9.165
2807,2024-09-05T09:33:49.815+0100,0.055,3.661,8.744
2807,2024-09-05T09:33:49.875+0100,0.184,3.714,9.364
2807,2024-09-05T09:33:49.975+0100,0.096,3.56,9.189
2807,2024-09-05T09:33:50.007+0100,0.076,3.498,8.95
2807,2024-09-05T09:33:50.076+0100,-0.387,3.33,9.079
2807,2024-09-05T09:33:50.108+0100,-0.124,3.496,9.041
2807,2024-09-05T09:33:50.161+0100,0.014,3.711,9.122
2807,2024-09-05T09:33:50.256+0100,0.139,3.577,8.985
2807,2024-09-05T09:33:50.288+0100,0.108,3.635,9.215
2807,2024-09-05T09:33:50.352+0100,0.134,3.654,9.043
2807,2024-09-05T09:33:50.384+0100,-0.246,3.649,9.067
2807,2024-09-05T09:33:50.466+0100,-0.052,3.544,8.993
2807,2024-09-05T09:33:50.546+0100,0.179,3.67,9.163
2807,2024-09-05T09:33:50.580+0100,-0.011,3.74,9.057
2807,2024-09-05T09:33:50.639+0100,-0.009,3.646,8.93
2807,2024-09-05T09:33:50.668+0100,0.043,3.752,9.067
2807,2024-09-05T09:33:50.734+0100,-0.104,3.728,9.055
2807,2024-09-05T09:33:50.829+0100,-0.164,3.635,8.988
2807,2024-09-05T09:33:50.863+0100,-0.107,3.627,9.122
2807,2024-09-05T09:33:50.925+0100,-0.104,3.661,9.081
2807,2024-09-05T09:33:50.955+0100,-0.109,3.757,8.942
2807,2024-09-05T09:33:51.020+0100,-0.176,3.637,9.031
2807,2024-09-05T09:33:51.116+0100,-0.1,3.687,8.969
2807,2024-09-05T09:33:51.150+0100,-0.164,3.694,9.261
2807,2024-09-05T09:33:51.247+0100,-0.205,3.718,8.971
2807,2024-09-05T09:33:51.282+0100,-0.251,3.694,8.88
2807,2024-09-05T09:33:51.326+0100,-0.289,3.625,8.885
2807,2024-09-05T09:33:51.403+0100,-0.461,3.726,8.899
2807,2024-09-05T09:33:51.436+0100,-0.073,3.737,9.373
2807,2024-09-05T09:33:51.498+0100,-0.176,3.702,8.926
2807,2024-09-05T09:33:51.526+0100,-0.164,3.637,8.957
2807,2024-09-05T09:33:51.612+0100,-0.2,3.702,8.988
2807,2024-09-05T09:33:51.709+0100,-0.15,3.745,9.234
2807,2024-09-05T09:33:51.745+0100,-0.351,3.709,9.019
2807,2024-09-05T09:33:51.805+0100,-0.162,3.637,8.825
2807,2024-09-05T09:33:51.840+0100,-0.286,3.742,9.045
2807,2024-09-05T09:33:51.910+0100,-0.16,3.781,8.873
2807,2024-09-05T09:33:52.026+0100,0.151,3.465,9.091
2807,2024-09-05T09:33:52.062+0100,-0.071,3.627,8.875
2807,2024-09-05T09:33:52.108+0100,0.246,3.788,9.558
2807,2024-09-05T09:33:52.143+0100,0.261,3.702,9.292
2807,2024-09-05T09:33:52.165+0100,-0.157,3.529,8.677
2807,2024-09-05T09:33:52.280+0100,0.098,3.632,8.99
2807,2024-09-05T09:33:52.317+0100,0.144,3.714,9.27
2807,2024-09-05T09:33:52.365+0100,-0.16,3.678,9.036
2807,2024-09-05T09:33:52.397+0100,0.057,3.69,8.78
2807,2024-09-05T09:33:52.453+0100,-0.081,3.685,9.014
2807,2024-09-05T09:33:52.566+0100,-0.076,3.692,9.048
2807,2024-09-05T09:33:52.602+0100,0.081,3.697,9.148
2807,2024-09-05T09:33:52.665+0100,-0.126,3.819,9.052
2807,2024-09-05T09:33:52.702+0100,-0.028,3.711,8.957
2807,2024-09-05T09:33:52.739+0100,-0.028,3.723,8.777
2807,2024-09-05T09:33:52.835+0100,-0.002,3.896,9.196
2807,2024-09-05T09:33:52.868+0100,0.019,3.852,9.017
2807,2024-09-05T09:33:52.948+0100,0.072,3.733,8.782
2807,2024-09-05T09:33:52.985+0100,0.191,3.733,8.82
2807,2024-09-05T09:33:53.045+0100,0.172,4.015,9.239
2807,2024-09-05T09:33:53.121+0100,0.17,3.852,9.057
2807,2024-09-05T09:33:53.153+0100,0.05,3.79,8.856
2807,2024-09-05T09:33:53.216+0100,-0.081,3.833,8.784
2807,2024-09-05T09:33:53.254+0100,-0.057,3.821,9.0
2807,2024-09-05T09:33:53.311+0100,0.177,3.869,9.0
2807,2024-09-05T09:33:53.407+0100,0.048,3.838,8.966
2807,2024-09-05T09:33:53.447+0100,0.132,3.862,9.033
2807,2024-09-05T09:33:53.505+0100,-0.023,3.843,8.758
2807,2024-09-05T09:33:53.543+0100,0.06,3.946,9.055
2807,2024-09-05T09:33:53.616+0100,0.031,3.867,8.835
2807,2024-09-05T09:33:53.694+0100,0.132,3.896,8.93
2807,2024-09-05T09:33:53.732+0100,0.122,3.941,8.923
2807,2024-09-05T09:33:53.789+0100,0.007,3.886,9.0
2807,2024-09-05T09:33:53.826+0100,0.134,3.931,8.847
2807,2024-09-05T09:33:53.885+0100,0.1,3.929,9.0
2807,2024-09-05T09:33:54.015+0100,-0.021,3.946,8.918
2807,2024-09-05T09:33:54.057+0100,-0.011,3.836,8.806
2807,2024-09-05T09:33:54.105+0100,-0.028,3.963,8.794
2807,2024-09-05T09:33:54.135+0100,0.029,3.965,9.005
2807,2024-09-05T09:33:54.208+0100,0.007,3.965,8.926
2807,2024-09-05T09:33:54.304+0100,-0.045,3.91,8.825
2807,2024-09-05T09:33:54.346+0100,-0.049,3.948,8.894
2807,2024-09-05T09:33:54.385+0100,-0.042,3.96,8.933
2807,2024-09-05T09:33:54.416+0100,-0.128,3.924,8.847
2807,2024-09-05T09:33:54.456+0100,-0.059,3.927,8.844
2807,2024-09-05T09:33:54.552+0100,0.031,3.943,8.916
2807,2024-09-05T09:33:54.596+0100,-0.181,3.958,8.935
2807,2024-09-05T09:33:54.648+0100,-0.028,3.912,8.825
2807,2024-09-05T09:33:54.663+0100,-0.109,3.941,8.83
2807,2024-09-05T09:33:54.762+0100,-0.011,3.97,9.002
2807,2024-09-05T09:33:54.839+0100,-0.093,3.965,8.993
2807,2024-09-05T09:33:54.874+0100,0.0,3.915,8.748
2807,2024-09-05T09:33:54.934+0100,0.065,3.927,8.966
2807,2024-09-05T09:33:54.969+0100,-0.138,4.034,8.909
2807,2024-09-05T09:33:55.028+0100,-0.2,3.879,8.31
2807,2024-09-05T09:33:55.158+0100,0.505,4.128,9.483
2807,2024-09-05T09:33:55.173+0100,-0.272,3.939,8.985
2807,2024-09-05T09:33:55.219+0100,0.134,3.893,8.528
2807,2024-09-05T09:33:55.234+0100,0.165,4.013,8.71
2807,2024-09-05T09:33:55.314+0100,0.036,4.063,9.215
2807,2024-09-05T09:33:55.410+0100,-0.143,3.891,8.55
2807,2024-09-05T09:33:55.424+0100,0.194,3.915,8.701
2807,2024-09-05T09:33:55.505+0100,-0.025,3.862,8.78
2807,2024-09-05T09:33:55.520+0100,0.337,4.149,9.539
2807,2024-09-05T09:33:55.607+0100,0.024,4.01,8.782
2807,2024-09-05T09:33:55.696+0100,-0.037,3.785,8.387
2807,2024-09-05T09:33:55.712+0100,0.144,3.989,8.981
2807,2024-09-05T09:33:55.791+0100,-0.121,4.046,9.048
2807,2024-09-05T09:33:55.807+0100,0.033,3.975,8.657
2807,2024-09-05T09:33:55.887+0100,-0.066,3.936,8.519
2807,2024-09-05T09:33:55.983+0100,-0.164,3.919,8.619
2807,2024-09-05T09:33:55.999+0100,1.025,4.212,9.06
2807,2024-09-05T09:33:56.102+0100,0.091,4.183,9.692
2807,2024-09-05T09:33:56.118+0100,0.424,3.955,8.442
2807,2024-09-05T09:33:56.173+0100,0.043,3.795,8.554
2807,2024-09-05T09:33:56.269+0100,0.017,3.96,9.222
2807,2024-09-05T09:33:56.286+0100,-0.021,4.02,9.069
2807,2024-09-05T09:33:56.365+0100,0.266,3.977,8.875
2807,2024-09-05T09:33:56.382+0100,-0.193,3.924,8.645
2807,2024-09-05T09:33:56.461+0100,-0.387,3.888,9.115
2807,2024-09-05T09:33:56.578+0100,-0.421,3.939,8.887
2807,2024-09-05T09:33:56.631+0100,-0.567,3.884,9.076
2807,2024-09-05T09:33:56.675+0100,-0.863,3.759,8.775
2807,2024-09-05T09:33:56.704+0100,-0.693,3.84,8.837
2807,2024-09-05T09:33:56.766+0100,-0.811,3.819,9.019
2807,2024-09-05T09:33:56.862+0100,-0.806,3.886,8.76
2807,2024-09-05T09:33:56.886+0100,-0.713,3.819,8.734
2807,2024-09-05T09:33:56.938+0100,-0.746,3.826,8.684
2807,2024-09-05T09:33:56.954+0100,-0.365,3.946,9.222
2807,2024-09-05T09:33:57.061+0100,-0.629,3.931,9.141
2807,2024-09-05T09:33:57.128+0100,-0.519,3.922,8.93
2807,2024-09-05T09:33:57.144+0100,-0.631,3.855,8.622
2807,2024-09-05T09:33:57.224+0100,-0.612,3.948,9.167
2807,2024-09-05T09:33:57.240+0100,-0.658,3.912,8.89
2807,2024-09-05T09:33:57.319+0100,-0.763,3.891,8.787
2807,2024-09-05T09:33:57.415+0100,-0.701,3.917,8.724
2807,2024-09-05T09:33:57.432+0100,-0.658,3.893,8.902
2807,2024-09-05T09:33:57.510+0100,-0.787,3.896,8.794
2807,2024-09-05T09:33:57.528+0100,-0.389,3.709,8.753
2807,2024-09-05T09:33:57.606+0100,-0.512,4.116,9.457
2807,2024-09-05T09:33:57.701+0100,-0.796,3.927,8.914
2807,2024-09-05T09:33:57.718+0100,-0.626,3.651,8.509
2807,2024-09-05T09:33:57.796+0100,-0.595,3.919,9.014
2807,2024-09-05T09:33:57.813+0100,-0.65,3.943,9.019
2807,2024-09-05T09:33:57.892+0100,-0.741,3.941,8.689
2807,2024-09-05T09:33:57.987+0100,-0.78,3.907,8.595
2807,2024-09-05T09:33:58.004+0100,-0.835,3.946,8.873
2807,2024-09-05T09:33:58.083+0100,-0.648,3.9,8.902
2807,2024-09-05T09:33:58.102+0100,-0.672,3.9,8.748
2807,2024-09-05T09:33:58.178+0100,-0.794,3.826,8.717
2807,2024-09-05T09:33:58.274+0100,0.024,4.003,8.875
2807,2024-09-05T09:33:58.291+0100,-0.703,3.96,9.397
2807,2024-09-05T09:33:58.369+0100,-0.547,3.831,8.717
2807,2024-09-05T09:33:58.386+0100,-0.571,3.737,8.43
2807,2024-09-05T09:33:58.464+0100,-0.394,3.977,9.086
2807,2024-09-05T09:33:58.560+0100,-0.543,3.989,8.973
2807,2024-09-05T09:33:58.578+0100,-0.399,3.975,8.633
2807,2024-09-05T09:33:58.656+0100,-0.365,4.049,8.887
2807,2024-09-05T09:33:58.674+0100,-0.337,4.003,8.916
2807,2024-09-05T09:33:58.751+0100,-0.222,3.948,9.062
2807,2024-09-05T09:33:58.848+0100,-0.186,4.018,8.916
2807,2024-09-05T09:33:58.900+0100,-0.195,4.058,8.662
2807,2024-09-05T09:33:58.943+0100,-0.219,3.91,8.856
2807,2024-09-05T09:33:58.985+0100,-0.339,3.903,9.069
2807,2024-09-05T09:33:59.046+0100,-0.626,3.579,9.064
2807,2024-09-05T09:33:59.146+0100,-0.409,3.864,8.902
2807,2024-09-05T09:33:59.195+0100,-0.265,3.881,8.954
2807,2024-09-05T09:33:59.245+0100,-0.421,3.912,8.851
2807,2024-09-05T09:33:59.282+0100,-0.32,3.833,8.911
2807,2024-09-05T09:33:59.325+0100,-0.392,3.805,8.904
2807,2024-09-05T09:33:59.426+0100,-0.282,3.931,8.811
2807,2024-09-05T09:33:59.480+0100,-0.423,3.821,9.009
2807,2024-09-05T09:33:59.525+0100,-0.722,3.881,8.997
2807,2024-09-05T09:33:59.552+0100,-0.488,3.747,8.751
2807,2024-09-05T09:33:59.610+0100,-0.179,3.716,9.074
2807,2024-09-05T09:33:59.707+0100,-0.076,3.939,9.177
2807,2024-09-05T09:33:59.726+0100,-0.255,3.802,9.27
2807,2024-09-05T09:33:59.801+0100,0.009,3.867,8.916
2807,2024-09-05T09:33:59.820+0100,-0.418,3.816,8.813
2807,2024-09-05T09:33:59.897+0100,-0.152,3.881,9.002
2807,2024-09-05T09:33:59.992+0100,-0.581,3.953,8.854
2807,2024-09-05T09:34:00.010+0100,-0.219,3.919,8.77
2807,2024-09-05T09:34:00.087+0100,-0.449,3.972,8.861
2807,2024-09-05T09:34:00.106+0100,-0.298,3.994,8.904
2807,2024-09-05T09:34:00.183+0100,-0.224,3.984,9.021
2807,2024-09-05T09:34:00.280+0100,-0.38,3.879,8.72
2807,2024-09-05T09:34:00.334+0100,-0.411,3.675,8.373
2807,2024-09-05T09:34:00.394+0100,-0.468,3.575,9.309
2807,2024-09-05T09:34:00.434+0100,0.17,3.848,8.813
2807,2024-09-05T09:34:00.473+0100,2.097,4.358,8.356
2807,2024-09-05T09:34:00.567+0100,2.507,4.556,8.308
2807,2024-09-05T09:34:00.613+0100,3.347,4.781,8.128
2807,2024-09-05T09:34:00.661+0100,3.455,4.542,7.748
2807,2024-09-05T09:34:00.704+0100,3.701,4.738,7.915
2807,2024-09-05T09:34:00.766+0100,3.687,4.573,7.937
2807,2024-09-05T09:34:00.851+0100,3.78,4.528,7.736
2807,2024-09-05T09:34:00.871+0100,3.905,4.662,7.573
2807,2024-09-05T09:34:00.947+0100,4.36,4.64,7.671
2807,2024-09-05T09:34:00.966+0100,4.441,4.827,7.46
2807,2024-09-05T09:34:01.042+0100,4.453,4.863,8.028
2807,2024-09-05T09:34:01.140+0100,2.004,3.761,8.219
2807,2024-09-05T09:34:01.163+0100,1.798,3.982,8.696
2807,2024-09-05T09:34:01.233+0100,2.234,4.496,8.258
2807,2024-09-05T09:34:01.254+0100,2.112,4.006,8.341
2807,2024-09-05T09:34:01.328+0100,2.461,4.212,8.681
2807,2024-09-05T09:34:01.424+0100,1.791,3.943,8.356
2807,2024-09-05T09:34:01.445+0100,1.58,4.121,8.909
2807,2024-09-05T09:34:01.519+0100,1.798,3.982,8.815
2807,2024-09-05T09:34:01.543+0100,1.757,3.982,8.669
2807,2024-09-05T09:34:01.616+0100,1.769,4.054,8.803
2807,2024-09-05T09:34:01.711+0100,1.645,3.931,8.698
2807,2024-09-05T09:34:01.740+0100,1.544,3.919,8.77
2807,2024-09-05T09:34:01.807+0100,1.513,3.951,8.617
2807,2024-09-05T09:34:01.836+0100,1.298,4.063,8.787
2807,2024-09-05T09:34:01.902+0100,1.544,3.963,8.648
2807,2024-09-05T09:34:01.999+0100,1.446,4.161,9.048
2807,2024-09-05T09:34:02.028+0100,1.211,4.01,8.701
2807,2024-09-05T09:34:02.092+0100,1.403,4.003,8.832
2807,2024-09-05T09:34:02.118+0100,1.283,4.001,8.928
2807,2024-09-05T09:34:02.188+0100,1.072,3.85,8.648
2807,2024-09-05T09:34:02.284+0100,1.341,3.905,9.096
2807,2024-09-05T09:34:02.315+0100,1.144,3.984,8.983
2807,2024-09-05T09:34:02.379+0100,0.996,3.855,8.806
2807,2024-09-05T09:34:02.409+0100,1.19,3.896,8.772
2807,2024-09-05T09:34:02.475+0100,1.039,4.125,8.799
2807,2024-09-05T09:34:02.570+0100,1.362,4.121,8.844
2807,2024-09-05T09:34:02.600+0100,1.017,4.061,8.569
2807,2024-09-05T09:34:02.666+0100,1.125,3.994,8.605
2807,2024-09-05T09:34:02.711+0100,1.456,4.065,8.717
2807,2024-09-05T09:34:02.765+0100,1.269,4.142,8.789
2807,2024-09-05T09:34:02.857+0100,1.072,3.912,8.629
2807,2024-09-05T09:34:02.911+0100,1.302,4.02,8.763
2807,2024-09-05T09:34:02.953+0100,0.998,3.903,9.031
2807,2024-09-05T09:34:02.986+0100,1.01,3.864,8.758
2807,2024-09-05T09:34:03.066+0100,0.776,3.747,9.067
2807,2024-09-05T09:34:03.163+0100,0.867,3.623,9.021
2807,2024-09-05T09:34:03.219+0100,0.759,3.771,8.882
2807,2024-09-05T09:34:03.265+0100,0.85,3.759,8.825
2807,2024-09-05T09:34:03.295+0100,0.907,3.752,9.155
2807,2024-09-05T09:34:03.334+0100,0.807,4.032,8.789
2807,2024-09-05T09:34:03.466+0100,0.737,3.623,9.017
2807,2024-09-05T09:34:03.529+0100,0.73,3.687,9.017
2807,2024-09-05T09:34:03.576+0100,0.651,3.625,8.899
2807,2024-09-05T09:34:03.603+0100,0.843,3.735,8.964
2807,2024-09-05T09:34:03.640+0100,0.905,3.637,9.074
2807,2024-09-05T09:34:03.745+0100,1.348,3.759,8.792
2807,2024-09-05T09:34:03.804+0100,0.96,3.599,8.832
2807,2024-09-05T09:34:03.848+0100,0.955,3.34,8.878
2807,2024-09-05T09:34:03.883+0100,0.742,3.567,9.06
2807,2024-09-05T09:34:03.926+0100,0.867,3.273,9.364
2807,2024-09-05T09:34:04.050+0100,0.759,3.311,9.701
2807,2024-09-05T09:34:04.109+0100,0.974,3.364,9.052
2807,2024-09-05T09:34:04.159+0100,0.905,3.326,9.208
2807,2024-09-05T09:34:04.192+0100,0.519,2.981,9.105
2807,2024-09-05T09:34:04.216+0100,0.622,3.192,9.076
2807,2024-09-05T09:34:04.308+0100,1.061,3.321,9.091
2807,2024-09-05T09:34:04.363+0100,0.943,3.259,9.038
2807,2024-09-05T09:34:04.408+0100,1.132,3.175,9.182
2807,2024-09-05T09:34:04.437+0100,0.78,3.137,8.878
2807,2024-09-05T09:34:04.485+0100,0.814,3.069,9.778
2807,2024-09-05T09:34:04.615+0100,1.262,3.402,9.881
2807,2024-09-05T09:34:04.677+0100,1.355,3.055,9.515
2807,2024-09-05T09:34:04.730+0100,1.13,3.335,7.743
2807,2024-09-05T09:34:04.765+0100,1.044,3.381,8.827
2807,2024-09-05T09:34:04.789+0100,0.51,2.811,10.108
2807,2024-09-05T09:34:04.862+0100,0.658,2.967,9.661
2807,2024-09-05T09:34:04.900+0100,1.693,3.498,9.163
2807,2024-09-05T09:34:04.977+0100,1.508,3.508,8.535
2807,2024-09-05T09:34:05.027+0100,0.682,2.95,9.242
2807,2024-09-05T09:34:05.085+0100,0.591,2.995,9.61
2807,2024-09-05T09:34:05.186+0100,0.134,2.909,9.385
2807,2024-09-05T09:34:05.249+0100,0.941,3.292,9.369
2807,2024-09-05T09:34:05.295+0100,1.42,3.304,9.34
2807,2024-09-05T09:34:05.323+0100,0.833,3.12,8.902
2807,2024-09-05T09:34:05.357+0100,0.242,2.998,9.426
2807,2024-09-05T09:34:05.473+0100,1.12,3.345,8.964
2807,2024-09-05T09:34:05.540+0100,0.325,3.175,9.16
2807,2024-09-05T09:34:05.589+0100,0.088,3.232,9.294
2807,2024-09-05T09:34:05.618+0100,0.371,3.314,9.754
2807,2024-09-05T09:34:05.642+0100,0.579,3.137,9.0
2807,2024-09-05T09:34:05.725+0100,-0.081,2.983,9.306
2807,2024-09-05T09:34:05.779+0100,0.493,3.45,9.29
2807,2024-09-05T09:34:05.816+0100,0.855,3.318,9.079
2807,2024-09-05T09:34:05.846+0100,0.484,3.249,9.029
2807,2024-09-05T09:34:05.925+0100,0.218,3.632,9.242
2807,2024-09-05T09:34:06.036+0100,0.443,3.742,9.033
2807,2024-09-05T09:34:06.091+0100,0.029,3.426,8.823
2807,2024-09-05T09:34:06.132+0100,-0.528,3.4,8.689
2807,2024-09-05T09:34:06.160+0100,-0.468,3.635,9.266
2807,2024-09-05T09:34:06.236+0100,-0.124,3.96,9.826
2807,2024-09-05T09:34:06.332+0100,0.041,4.056,9.4
2807,2024-09-05T09:34:06.394+0100,0.098,3.97,9.251
2807,2024-09-05T09:34:06.466+0100,-0.559,3.062,9.922
2807,2024-09-05T09:34:06.505+0100,-0.519,2.722,8.911
2807,2024-09-05T09:34:06.537+0100,-0.2,2.864,8.329
2807,2024-09-05T09:34:06.637+0100,0.117,3.12,7.714
2807,2024-09-05T09:34:06.700+0100,0.139,4.259,8.42
2807,2024-09-05T09:34:06.745+0100,-0.595,3.625,10.178
2807,2024-09-05T09:34:06.772+0100,-0.598,3.022,9.845
2807,2024-09-05T09:34:06.799+0100,0.649,1.906,10.999
2807,2024-09-05T09:34:06.866+0100,1.231,3.548,9.551
2807,2024-09-05T09:34:06.906+0100,0.673,5.337,9.464
2807,2024-09-05T09:34:06.965+0100,0.419,3.474,9.821
2807,2024-09-05T09:34:07.006+0100,0.1,1.956,9.424
2807,2024-09-05T09:34:07.057+0100,0.038,4.161,8.104
2807,2024-09-05T09:34:07.166+0100,-1.673,4.396,7.705
2807,2024-09-05T09:34:07.235+0100,-1.314,4.757,9.778
2807,2024-09-05T09:34:07.287+0100,-3.308,3.465,9.34
2807,2024-09-05T09:34:07.320+0100,-1.747,5.572,7.472
2807,2024-09-05T09:34:07.347+0100,-2.683,5.356,4.987
2807,2024-09-05T09:34:07.440+0100,-1.314,5.167,4.812
2807,2024-09-05T09:34:07.501+0100,-0.82,4.664,6.756
2807,2024-09-05T09:34:07.542+0100,-0.219,3.685,7.02
2807,2024-09-05T09:34:07.570+0100,1.401,4.427,10.489
2807,2024-09-05T09:34:07.646+0100,-2.068,1.377,11.327
2807,2024-09-05T09:34:07.727+0100,-2.482,3.196,9.112
2807,2024-09-05T09:34:07.784+0100,1.197,2.713,7.195
2807,2024-09-05T09:34:07.820+0100,3.12,1.319,10.803
2807,2024-09-05T09:34:07.851+0100,2.167,1.714,8.906
2807,2024-09-05T09:34:07.917+0100,0.182,1.384,9.1
2807,2024-09-05T09:34:08.031+0100,-0.045,1.025,8.787
2807,2024-09-05T09:34:08.097+0100,2.713,-0.068,9.076
2807,2024-09-05T09:34:08.147+0100,0.893,-0.55,10.843
2807,2024-09-05T09:34:08.177+0100,0.754,1.161,8.885
2807,2024-09-05T09:34:08.205+0100,2.543,0.594,10.113
2807,2024-09-05T09:34:08.309+0100,2.734,-0.317,10.903
2807,2024-09-05T09:34:08.370+0100,1.784,-0.768,8.595
2807,2024-09-05T09:34:08.416+0100,1.918,-0.009,9.766
2807,2024-09-05T09:34:08.446+0100,2.16,-2.317,12.654
2807,2024-09-05T09:34:08.489+0100,2.576,-0.485,11.557
2807,2024-09-05T09:34:08.585+0100,1.87,0.017,10.106
2807,2024-09-05T09:34:08.649+0100,1.142,0.419,10.649
2807,2024-09-05T09:34:08.690+0100,1.714,-0.981,9.682
2807,2024-09-05T09:34:08.719+0100,1.764,0.213,8.179
2807,2024-09-05T09:34:08.776+0100,2.564,0.464,8.818
2807,2024-09-05T09:34:08.886+0100,2.279,0.199,9.318
2807,2024-09-05T09:34:08.965+0100,2.052,0.259,8.827
2807,2024-09-05T09:34:09.016+0100,2.478,0.778,9.926
2807,2024-09-05T09:34:09.045+0100,2.404,0.828,10.118
2807,2024-09-05T09:34:09.072+0100,2.787,0.812,10.099
2807,2024-09-05T09:34:09.196+0100,2.071,0.907,10.975
2807,2024-09-05T09:34:09.276+0100,3.531,0.273,8.897
2807,2024-09-05T09:34:09.323+0100,2.119,0.512,10.465
2807,2024-09-05T09:34:09.355+0100,1.791,0.924,8.689
2807,2024-09-05T09:34:09.384+0100,3.764,0.326,7.35
2807,2024-09-05T09:34:09.444+0100,3.876,0.893,9.57
2807,2024-09-05T09:34:09.473+0100,1.767,1.379,9.989
2807,2024-09-05T09:34:09.545+0100,1.609,1.659,10.125
2807,2024-09-05T09:34:09.599+0100,1.386,1.664,9.63
2807,2024-09-05T09:34:09.636+0100,3.17,1.992,7.544
2807,2024-09-05T09:34:09.731+0100,4.889,2.674,6.888
2807,2024-09-05T09:34:09.802+0100,4.492,1.226,9.426
2807,2024-09-05T09:34:09.834+0100,3.177,0.843,9.431
2807,2024-09-05T09:34:09.871+0100,2.306,1.415,9.419
2807,2024-09-05T09:34:09.921+0100,2.727,1.772,9.134
2807,2024-09-05T09:34:10.026+0100,3.371,1.884,9.397
2807,2024-09-05T09:34:10.094+0100,2.904,1.911,9.527
2807,2024-09-05T09:34:10.136+0100,2.746,1.875,8.605
2807,2024-09-05T09:34:10.174+0100,2.569,1.149,7.75
2807,2024-09-05T09:34:10.207+0100,3.699,1.372,8.483
2807,2024-09-05T09:34:10.304+0100,3.768,1.276,11.088
2807,2024-09-05T09:34:10.380+0100,2.59,0.713,10.003
2807,2024-09-05T09:34:10.425+0100,1.975,1.382,8.909
2807,2024-09-05T09:34:10.457+0100,2.928,1.793,9.416
2807,2024-09-05T09:34:10.493+0100,2.892,2.196,9.895
2807,2024-09-05T09:34:10.589+0100,2.43,2.052,8.902
2807,2024-09-05T09:34:10.629+0100,1.92,1.132,9.177
2807,2024-09-05T09:34:10.686+0100,2.397,1.362,9.127
2807,2024-09-05T09:34:10.718+0100,1.697,1.504,9.931
2807,2024-09-05T09:34:10.780+0100,1.899,1.573,9.979
2807,2024-09-05T09:34:10.918+0100,2.133,1.422,10.029
2807,2024-09-05T09:34:10.958+0100,2.15,1.099,8.638
2807,2024-09-05T09:34:10.990+0100,2.54,0.886,9.369
2807,2024-09-05T09:34:11.020+0100,2.715,1.022,9.469
2807,2024-09-05T09:34:11.066+0100,2.844,0.958,10.58
2807,2024-09-05T09:34:11.166+0100,2.54,1.336,9.852
2807,2024-09-05T09:34:11.246+0100,2.207,1.161,9.591
2807,2024-09-05T09:34:11.295+0100,2.88,1.81,9.29
2807,2024-09-05T09:34:11.325+0100,3.163,1.444,8.72
2807,2024-09-05T09:34:11.386+0100,2.488,1.551,9.606
2807,2024-09-05T09:34:11.448+0100,2.387,1.793,12.675
2807,2024-09-05T09:34:11.499+0100,2.495,0.728,10.951
2807,2024-09-05T09:34:11.544+0100,1.554,0.503,11.325
2807,2024-09-05T09:34:11.579+0100,2.624,0.86,7.276
2807,2024-09-05T09:34:11.645+0100,2.454,1.595,5.497
2807,2024-09-05T09:34:11.736+0100,-0.349,2.473,7.963
2807,2024-09-05T09:34:11.800+0100,-0.655,1.48,9.981
2807,2024-09-05T09:34:11.834+0100,0.467,-0.224,10.398
2807,2024-09-05T09:34:11.865+0100,-3.411,1.698,9.177
2807,2024-09-05T09:34:11.926+0100,-1.431,2.567,8.906
2807,2024-09-05T09:34:12.021+0100,-1.438,2.212,10.683
2807,2024-09-05T09:34:12.102+0100,-1.002,1.693,10.597
2807,2024-09-05T09:34:12.147+0100,-1.608,1.745,8.169
2807,2024-09-05T09:34:12.180+0100,-0.679,2.964,7.214
2807,2024-09-05T09:34:12.211+0100,-1.67,3.443,8.665
2807,2024-09-05T09:34:12.308+0100,-2.879,0.17,13.997
2807,2024-09-05T09:34:12.368+0100,-0.198,1.451,10.25
2807,2024-09-05T09:34:12.403+0100,0.622,2.753,7.903
2807,2024-09-05T09:34:12.435+0100,1.257,2.052,9.79
2807,2024-09-05T09:34:12.499+0100,1.125,2.334,7.877
2807,2024-09-05T09:34:12.626+0100,1.333,1.676,10.044
2807,2024-09-05T09:34:12.694+0100,0.749,1.152,10.647
2807,2024-09-05T09:34:12.740+0100,0.965,0.283,9.859
2807,2024-09-05T09:34:12.775+0100,0.737,0.965,9.823
2807,2024-09-05T09:34:12.807+0100,0.668,0.67,11.631
2807,2024-09-05T09:34:12.881+0100,0.869,1.36,10.029
2807,2024-09-05T09:34:12.924+0100,1.702,2.634,7.57
2807,2024-09-05T09:34:12.975+0100,1.791,2.787,9.266
2807,2024-09-05T09:34:13.013+0100,1.07,2.842,9.869
2807,2024-09-05T09:34:13.071+0100,0.438,2.416,9.043
2807,2024-09-05T09:34:13.167+0100,0.184,1.908,9.701
2807,2024-09-05T09:34:13.246+0100,-0.093,1.164,10.084
2807,2024-09-05T09:34:13.291+0100,0.314,1.975,9.117
2807,2024-09-05T09:34:13.326+0100,0.402,2.916,9.067
2807,2024-09-05T09:34:13.358+0100,1.827,2.2,9.603
2807,2024-09-05T09:34:13.467+0100,1.549,2.978,9.084
2807,2024-09-05T09:34:13.539+0100,1.52,2.758,11.102
2807,2024-09-05T09:34:13.584+0100,0.926,2.121,9.62
2807,2024-09-05T09:34:13.618+0100,1.714,2.363,9.266
2807,2024-09-05T09:34:13.651+0100,0.864,2.579,10.039
2807,2024-09-05T09:34:13.740+0100,0.883,3.419,10.319
2807,2024-09-05T09:34:13.799+0100,0.567,3.043,9.246
2807,2024-09-05T09:34:13.838+0100,0.783,3.213,8.768
2807,2024-09-05T09:34:13.874+0100,0.44,2.758,9.634
2807,2024-09-05T09:34:13.946+0100,0.12,3.575,8.253
2807,2024-09-05T09:34:14.026+0100,0.067,3.632,8.784
2807,2024-09-05T09:34:14.104+0100,-0.523,3.891,8.665
2807,2024-09-05T09:34:14.147+0100,-0.052,4.518,8.815
2807,2024-09-05T09:34:14.184+0100,-0.643,4.453,8.926
2807,2024-09-05T09:34:14.218+0100,-0.653,4.25,8.751
2807,2024-09-05T09:34:14.312+0100,-0.138,4.643,7.98
2807,2024-09-05T09:34:14.384+0100,-0.061,4.918,8.483
2807,2024-09-05T09:34:14.426+0100,0.172,5.16,8.291
2807,2024-09-05T09:34:14.466+0100,-0.002,5.184,8.035
2807,2024-09-05T09:34:14.503+0100,-0.768,5.006,7.898
2807,2024-09-05T09:34:14.618+0100,-0.713,5.073,7.602
2807,2024-09-05T09:34:14.702+0100,-0.806,5.112,7.977
2807,2024-09-05T09:34:14.748+0100,-0.648,5.284,7.24
2807,2024-09-05T09:34:14.784+0100,-0.667,5.064,7.977
2807,2024-09-05T09:34:14.819+0100,-0.188,5.176,8.056
2807,2024-09-05T09:34:14.905+0100,0.189,4.774,8.222
2807,2024-09-05T09:34:14.950+0100,0.574,4.875,6.924
2807,2024-09-05T09:34:15.005+0100,0.249,5.236,6.342
2807,2024-09-05T09:34:15.047+0100,-0.234,4.724,7.113
2807,2024-09-05T09:34:15.082+0100,-0.981,4.901,6.321
2807,2024-09-05T09:34:15.172+0100,-1.855,3.833,8.226
2807,2024-09-05T09:34:15.237+0100,-2.003,3.934,8.483
2807,2024-09-05T09:34:15.274+0100,-1.543,5.916,11.72
2807,2024-09-05T09:34:15.310+0100,-0.478,3.058,13.094
2807,2024-09-05T09:34:15.363+0100,1.863,4.092,9.606
2807,2024-09-05T09:34:15.478+0100,1.645,3.01,8.655
2807,2024-09-05T09:34:15.556+0100,0.574,3.994,7.183
2807,2024-09-05T09:34:15.610+0100,-0.279,4.554,8.171
2807,2024-09-05T09:34:15.645+0100,-0.456,4.116,10.262
2807,2024-09-05T09:34:15.680+0100,-0.868,2.864,9.641
2807,2024-09-05T09:34:15.744+0100,-0.761,2.983,9.005
2807,2024-09-05T09:34:15.781+0100,-0.497,3.333,9.23
2807,2024-09-05T09:34:15.841+0100,0.457,4.252,9.697
2807,2024-09-05T09:34:15.882+0100,1.48,5.313,9.646
2807,2024-09-05T09:34:15.935+0100,1.796,4.844,10.424
2807,2024-09-05T09:34:16.051+0100,2.035,5.136,7.956
2807,2024-09-05T09:34:16.141+0100,0.302,4.197,5.428
2807,2024-09-05T09:34:16.187+0100,-0.229,2.758,5.471
2807,2024-09-05T09:34:16.224+0100,0.484,3.45,5.092
2807,2024-09-05T09:34:16.259+0100,-1.508,3.321,8.313
2807,2024-09-05T09:34:16.318+0100,0.014,5.447,11.818
2807,2024-09-05T09:34:16.356+0100,0.419,4.978,11.298
2807,2024-09-05T09:34:16.413+0100,1.671,1.92,11.492
2807,2024-09-05T09:34:16.450+0100,0.065,1.81,7.752
2807,2024-09-05T09:34:16.509+0100,0.105,3.414,10.135
2807,2024-09-05T09:34:16.604+0100,-0.603,2.691,10.817
2807,2024-09-05T09:34:16.664+0100,-0.507,2.947,7.985
2807,2024-09-05T09:34:16.707+0100,-0.365,2.909,10.748
2807,2024-09-05T09:34:16.744+0100,0.548,4.204,9.254
2807,2024-09-05T09:34:16.794+0100,6.335,3.52,18.287
2807,2024-09-05T09:34:16.906+0100,3.685,2.746,16.211
2807,2024-09-05T09:34:16.994+0100,2.77,4.477,10.841
2807,2024-09-05T09:34:17.039+0100,4.171,4.571,9.618
2807,2024-09-05T09:34:17.076+0100,4.101,5.002,9.349
2807,2024-09-05T09:34:17.114+0100,3.558,5.227,11.229
2807,2024-09-05T09:34:17.177+0100,4.551,4.944,12.036
2807,2024-09-05T09:34:17.216+0100,-0.061,1.274,11.851
2807,2024-09-05T09:34:17.273+0100,-2.365,-1.414,9.335
2807,2024-09-05T09:34:17.310+0100,-3.545,-2.812,8.43
2807,2024-09-05T09:34:17.367+0100,-4.393,-0.564,7.252
2807,2024-09-05T09:34:17.466+0100,-2.307,1.923,9.481
2807,2024-09-05T09:34:17.553+0100,-3.629,2.33,8.662
2807,2024-09-05T09:34:17.593+0100,-3.447,1.858,6.998
2807,2024-09-05T09:34:17.630+0100,-3.284,3.359,4.523
2807,2024-09-05T09:34:17.668+0100,2.329,3.816,9.005
2807,2024-09-05T09:34:17.749+0100,0.0,5.739,7.353
2807,2024-09-05T09:34:17.803+0100,2.983,6.204,10.867
2807,2024-09-05T09:34:17.852+0100,0.086,4.216,8.976
2807,2024-09-05T09:34:17.900+0100,1.223,6.036,12.227
2807,2024-09-05T09:34:17.939+0100,1.594,5.821,10.432
2807,2024-09-05T09:34:18.046+0100,1.614,5.904,9.821
2807,2024-09-05T09:34:18.126+0100,1.216,4.796,9.943
2807,2024-09-05T09:34:18.165+0100,1.654,5.09,11.033
2807,2024-09-05T09:34:18.203+0100,0.634,4.547,9.096
2807,2024-09-05T09:34:18.242+0100,2.224,4.58,9.493
2807,2024-09-05T09:34:18.324+0100,1.683,5.255,8.519
2807,2024-09-05T09:34:18.371+0100,2.435,5.44,8.018
2807,2024-09-05T09:34:18.417+0100,2.061,5.294,7.829
2807,2024-09-05T09:34:18.456+0100,1.963,4.468,7.784
2807,2024-09-05T09:34:18.512+0100,1.501,5.114,8.291
2807,2024-09-05T09:34:18.608+0100,1.01,4.25,9.0
2807,2024-09-05T09:34:18.688+0100,1.266,4.868,8.629
2807,2024-09-05T09:34:18.731+0100,0.316,4.161,8.803
2807,2024-09-05T09:34:18.770+0100,0.634,4.386,8.088
2807,2024-09-05T09:34:18.810+0100,0.639,4.264,9.163
2807,2024-09-05T09:34:18.895+0100,0.057,4.058,9.064
2807,2024-09-05T09:34:18.946+0100,0.603,4.611,9.096
2807,2024-09-05T09:34:18.990+0100,0.318,4.212,8.909
2807,2024-09-05T09:34:19.029+0100,0.663,4.592,8.624
2807,2024-09-05T09:34:19.118+0100,0.457,4.25,9.625
2807,2024-09-05T09:34:19.181+0100,0.086,4.408,8.825
2807,2024-09-05T09:34:19.231+0100,-0.243,4.293,8.231
2807,2024-09-05T09:34:19.276+0100,-0.33,4.748,8.356
2807,2024-09-05T09:34:19.316+0100,-1.139,4.585,8.775
2807,2024-09-05T09:34:19.372+0100,-1.273,4.425,6.385
2807,2024-09-05T09:34:19.468+0100,-1.05,3.405,9.22
2807,2024-09-05T09:34:19.547+0100,-0.272,4.185,8.083
2807,2024-09-05T09:34:19.596+0100,-1.06,3.216,7.523
2807,2024-09-05T09:34:19.636+0100,-0.595,3.086,7.456
2807,2024-09-05T09:34:19.677+0100,-1.338,2.914,7.171
2807,2024-09-05T09:34:19.754+0100,-0.318,7.248,16.683
2807,2024-09-05T09:34:19.799+0100,-0.725,3.299,8.653
2807,2024-09-05T09:34:19.849+0100,0.376,4.456,6.874
2807,2024-09-05T09:34:19.890+0100,-0.744,4.444,8.495
2807,2024-09-05T09:34:19.945+0100,-0.763,3.658,10.774
2807,2024-09-05T09:34:20.040+0100,-1.484,4.118,8.102
2807,2024-09-05T09:34:20.110+0100,-1.869,6.34,10.544
2807,2024-09-05T09:34:20.151+0100,-0.528,3.077,14.356
2807,2024-09-05T09:34:20.192+0100,-1.441,3.625,8.808
2807,2024-09-05T09:34:20.233+0100,-1.357,4.058,7.587
2807,2024-09-05T09:34:20.327+0100,-2.295,5.258,4.745
2807,2024-09-05T09:34:20.397+0100,-0.861,4.645,5.722
2807,2024-09-05T09:34:20.443+0100,-0.784,4.173,6.112
2807,2024-09-05T09:34:20.485+0100,-1.041,2.641,7.511
2807,2024-09-05T09:34:20.527+0100,0.208,2.971,8.294
2807,2024-09-05T09:34:20.626+0100,1.278,1.779,10.302
2807,2024-09-05T09:34:20.696+0100,-3.217,4.757,9.958
2807,2024-09-05T09:34:20.740+0100,-3.222,4.305,12.936
2807,2024-09-05T09:34:20.782+0100,-0.677,2.782,8.657
2807,2024-09-05T09:34:20.823+0100,1.571,4.59,7.817
2807,2024-09-05T09:34:20.900+0100,0.625,4.156,10.214
2807,2024-09-05T09:34:20.944+0100,0.184,3.864,7.161
2807,2024-09-05T09:34:20.995+0100,0.057,3.156,11.033
2807,2024-09-05T09:34:21.038+0100,0.924,3.426,9.79
2807,2024-09-05T09:34:21.090+0100,0.78,3.014,10.417
2807,2024-09-05T09:34:21.187+0100,-0.002,3.007,9.218
2807,2024-09-05T09:34:21.256+0100,0.314,3.764,7.666
2807,2024-09-05T09:34:21.302+0100,0.072,4.14,7.779
2807,2024-09-05T09:34:21.345+0100,-0.143,3.948,9.45
2807,2024-09-05T09:34:21.387+0100,-0.294,4.123,9.261
2807,2024-09-05T09:34:21.485+0100,-0.648,3.809,9.026
2807,2024-09-05T09:34:21.528+0100,-0.923,3.436,9.007
2807,2024-09-05T09:34:21.572+0100,-0.547,3.9,8.832
2807,2024-09-05T09:34:21.614+0100,-0.6,3.556,9.005
2807,2024-09-05T09:34:21.664+0100,-0.488,4.018,9.009
2807,2024-09-05T09:34:21.765+0100,-0.454,3.781,9.158
2807,2024-09-05T09:34:21.844+0100,-0.741,3.922,9.043
2807,2024-09-05T09:34:21.888+0100,-0.555,3.781,9.002
2807,2024-09-05T09:34:21.934+0100,-0.559,3.881,8.748
2807,2024-09-05T09:34:21.977+0100,-1.031,3.704,8.832
2807,2024-09-05T09:34:22.045+0100,-0.629,3.857,8.969
2807,2024-09-05T09:34:22.091+0100,-0.885,3.723,8.368
2807,2024-09-05T09:34:22.140+0100,-0.387,4.013,8.679
2807,2024-09-05T09:34:22.185+0100,-0.693,3.816,9.05
2807,2024-09-05T09:34:22.235+0100,-1.098,4.068,9.242
2807,2024-09-05T09:34:22.331+0100,-1.318,3.498,9.366
2807,2024-09-05T09:34:22.414+0100,-1.74,3.038,8.739
2807,2024-09-05T09:34:22.461+0100,-1.606,3.304,8.863
2807,2024-09-05T09:34:22.505+0100,-0.923,3.556,8.66
2807,2024-09-05T09:34:22.549+0100,-1.364,4.03,9.132
2807,2024-09-05T09:34:22.617+0100,-1.728,4.31,8.447
2807,2024-09-05T09:34:22.662+0100,-2.123,3.754,9.656
2807,2024-09-05T09:34:22.713+0100,-2.245,2.967,8.636
2807,2024-09-05T09:34:22.759+0100,-2.137,2.533,8.796
2807,2024-09-05T09:34:22.808+0100,-1.771,3.326,9.06
2807,2024-09-05T09:34:22.926+0100,-1.259,3.584,8.906
2807,2024-09-05T09:34:23.004+0100,-1.261,4.25,8.861
2807,2024-09-05T09:34:23.059+0100,-2.037,4.109,8.078
2807,2024-09-05T09:34:23.103+0100,-2.389,3.986,8.308
2807,2024-09-05T09:34:23.148+0100,-2.657,3.474,8.887
2807,2024-09-05T09:34:23.193+0100,-2.319,3.335,8.107
2807,2024-09-05T09:34:23.238+0100,-1.687,3.742,8.131
2807,2024-09-05T09:34:23.287+0100,-1.424,3.742,8.279
2807,2024-09-05T09:34:23.332+0100,-0.816,3.556,8.507
2807,2024-09-05T09:34:23.381+0100,-0.279,3.218,9.301
2807,2024-09-05T09:34:23.477+0100,0.349,3.151,11.231
2807,2024-09-05T09:34:23.540+0100,0.302,2.076,10.264
2807,2024-09-05T09:34:23.589+0100,0.922,2.888,8.753
2807,2024-09-05T09:34:23.634+0100,1.621,3.46,9.534
2807,2024-09-05T09:34:23.681+0100,0.455,2.229,9.254
2807,2024-09-05T09:34:23.764+0100,0.737,3.213,9.9
2807,2024-09-05T09:34:23.810+0100,0.218,2.967,9.596
2807,2024-09-05T09:34:23.858+0100,-0.514,2.682,8.973
2807,2024-09-05T09:34:23.905+0100,-0.5,2.334,8.701
2807,2024-09-05T09:34:23.963+0100,-0.358,2.452,9.462
2807,2024-09-05T09:34:24.050+0100,0.227,2.478,9.67
2807,2024-09-05T09:34:24.098+0100,0.591,2.859,9.357
2807,2024-09-05T09:34:24.147+0100,0.737,3.318,9.498
2807,2024-09-05T09:34:24.193+0100,-0.186,2.557,9.005
2807,2024-09-05T09:34:24.241+0100,-0.162,2.243,9.852
2807,2024-09-05T09:34:24.336+0100,-0.081,1.959,10.321
2807,2024-09-05T09:34:24.398+0100,0.12,1.738,10.755
2807,2024-09-05T09:34:24.446+0100,0.448,2.143,9.756
2807,2024-09-05T09:34:24.493+0100,0.017,3.766,9.685
2807,2024-09-05T09:34:24.541+0100,0.993,0.563,6.953
2807,2024-09-05T09:34:24.623+0100,0.524,5.794,3.026
2807,2024-09-05T09:34:24.672+0100,0.955,5.988,13.032
2807,2024-09-05T09:34:24.720+0100,-0.222,5.567,10.913
2807,2024-09-05T09:34:24.767+0100,-0.174,1.662,9.323
2807,2024-09-05T09:34:24.816+0100,-0.811,1.939,7.86
2807,2024-09-05T09:34:24.910+0100,1.017,3.196,9.819
2807,2024-09-05T09:34:24.968+0100,1.415,3.266,9.002
2807,2024-09-05T09:34:25.020+0100,1.233,2.425,6.89
2807,2024-09-05T09:34:25.067+0100,1.173,3.857,6.476
2807,2024-09-05T09:34:25.117+0100,0.816,5.691,12.11
2807,2024-09-05T09:34:25.196+0100,-0.418,0.816,11.169
2807,2024-09-05T09:34:25.257+0100,-0.65,1.585,9.634
2807,2024-09-05T09:34:25.305+0100,-0.394,1.92,9.385
2807,2024-09-05T09:34:25.353+0100,0.586,2.112,8.337
2807,2024-09-05T09:34:25.401+0100,0.687,1.523,6.412
2807,2024-09-05T09:34:25.483+0100,1.683,1.908,11.236
2807,2024-09-05T09:34:25.532+0100,2.492,1.307,10.831
2807,2024-09-05T09:34:25.581+0100,2.43,1.578,11.385
2807,2024-09-05T09:34:25.630+0100,1.496,0.771,9.606
2807,2024-09-05T09:34:25.677+0100,1.53,1.025,9.163
2807,2024-09-05T09:34:25.768+0100,1.195,0.831,9.778
2807,2024-09-05T09:34:25.825+0100,1.329,0.575,9.529
2807,2024-09-05T09:34:25.874+0100,1.776,0.699,10.046
2807,2024-09-05T09:34:25.923+0100,1.853,1.063,9.582
2807,2024-09-05T09:34:25.973+0100,1.616,0.824,9.613
2807,2024-09-05T09:34:26.054+0100,1.398,0.886,9.718
2807,2024-09-05T09:34:26.106+0100,1.367,0.8,10.259
2807,2024-09-05T09:34:26.158+0100,1.295,0.615,10.077
2807,2024-09-05T09:34:26.207+0100,1.535,0.917,9.476
2807,2024-09-05T09:34:26.256+0100,1.726,1.355,9.172
2807,2024-09-05T09:34:26.345+0100,1.887,1.456,9.096
2807,2024-09-05T09:34:26.403+0100,1.827,1.262,9.673
2807,2024-09-05T09:34:26.453+0100,1.714,1.197,10.027
2807,2024-09-05T09:34:26.503+0100,1.041,1.092,9.428
2807,2024-09-05T09:34:26.554+0100,0.764,1.013,9.591
2807,2024-09-05T09:34:26.627+0100,1.274,1.312,9.888
2807,2024-09-05T09:34:26.677+0100,1.626,1.398,9.718
2807,2024-09-05T09:34:26.727+0100,1.784,1.279,9.591
2807,2024-09-05T09:34:26.777+0100,1.752,1.13,9.481
2807,2024-09-05T09:34:26.827+0100,1.48,1.049,9.318
2807,2024-09-05T09:34:26.914+0100,1.477,1.18,9.644
2807,2024-09-05T09:34:26.969+0100,1.192,1.396,9.778
2807,2024-09-05T09:34:27.021+0100,1.386,1.341,9.807
2807,2024-09-05T09:34:27.072+0100,1.365,1.109,9.424
2807,2024-09-05T09:34:27.123+0100,1.611,1.36,9.639
2807,2024-09-05T09:34:27.200+0100,1.731,1.121,9.811
2807,2024-09-05T09:34:27.251+0100,1.69,1.185,9.433
2807,2024-09-05T09:34:27.305+0100,1.465,1.106,9.553
2807,2024-09-05T09:34:27.355+0100,1.604,1.31,9.594
2807,2024-09-05T09:34:27.407+0100,1.542,1.302,10.07
2807,2024-09-05T09:34:27.507+0100,1.472,1.178,9.515
2807,2024-09-05T09:34:27.576+0100,1.575,1.212,9.551
2807,2024-09-05T09:34:27.628+0100,1.491,1.233,9.395
2807,2024-09-05T09:34:27.680+0100,1.527,1.293,9.924
2807,2024-09-05T09:34:27.739+0100,1.391,1.401,9.63
2807,2024-09-05T09:34:27.792+0100,1.391,1.566,10.3
2807,2024-09-05T09:34:27.850+0100,1.269,1.501,9.986
2807,2024-09-05T09:34:27.902+0100,1.149,1.662,9.665
2807,2024-09-05T09:34:27.956+0100,0.874,1.808,9.57
2807,2024-09-05T09:34:28.013+0100,0.677,2.136,9.27
2807,2024-09-05T09:34:28.070+0100,0.416,2.26,8.863
2807,2024-09-05T09:34:28.125+0100,0.268,2.222,9.012
2807,2024-09-05T09:34:28.179+0100,0.366,2.287,9.476
2807,2024-09-05T09:34:28.233+0100,0.424,2.186,9.369
2807,2024-09-05T09:34:28.290+0100,0.586,2.378,9.491
2807,2024-09-05T09:34:28.348+0100,0.531,2.241,9.515
2807,2024-09-05T09:34:28.402+0100,0.431,2.433,9.725
2807,2024-09-05T09:34:28.460+0100,1.118,2.411,9.448
2807,2024-09-05T09:34:28.515+0100,0.869,2.684,10.065
2807,2024-09-05T09:34:28.572+0100,0.874,2.181,9.847
2807,2024-09-05T09:34:28.632+0100,0.498,3.146,9.464
2807,2024-09-05T09:34:28.687+0100,0.754,2.648,9.39
2807,2024-09-05T09:34:28.744+0100,-0.902,1.973,9.522
2807,2024-09-05T09:34:28.800+0100,-0.653,2.488,8.028
2807,2024-09-05T09:34:28.855+0100,-0.308,2.789,8.056
2807,2024-09-05T09:34:28.918+0100,0.115,3.29,9.981
2807,2024-09-05T09:34:28.973+0100,0.029,3.139,10.163
2807,2024-09-05T09:34:29.033+0100,-0.686,2.777,9.84
2807,2024-09-05T09:34:29.089+0100,-0.976,2.38,8.753
2807,2024-09-05T09:34:29.147+0100,-0.818,1.765,9.11
2807,2024-09-05T09:34:29.206+0100,-0.344,2.526,9.357
2807,2024-09-05T09:34:29.264+0100,0.828,3.026,9.261
2807,2024-09-05T09:34:29.323+0100,0.498,3.036,9.287
2807,2024-09-05T09:34:29.381+0100,-0.349,2.488,10.094
2807,2024-09-05T09:34:29.438+0100,-0.629,2.631,9.89
2807,2024-09-05T09:34:29.495+0100,-0.112,2.478,8.904
2807,2024-09-05T09:34:29.551+0100,-0.44,2.461,9.132
2807,2024-09-05T09:34:29.609+0100,-0.399,2.528,9.527
2807,2024-09-05T09:34:29.669+0100,-0.224,2.907,9.443
2807,2024-09-05T09:34:29.728+0100,0.134,2.923,9.833
2807,2024-09-05T09:34:29.787+0100,-0.061,2.607,9.498
2807,2024-09-05T09:34:29.845+0100,-0.612,2.222,8.751
2807,2024-09-05T09:34:29.903+0100,-0.229,2.82,9.091
2807,2024-09-05T09:34:29.960+0100,-0.401,2.617,10.147
2807,2024-09-05T09:34:30.020+0100,-0.404,2.473,9.215
2807,2024-09-05T09:34:30.078+0100,-0.433,2.277,9.895
2807,2024-09-05T09:34:30.137+0100,0.191,2.751,9.278
2807,2024-09-05T09:34:30.194+0100,0.213,2.871,9.06
2807,2024-09-05T09:34:30.257+0100,-0.169,2.804,8.578
2807,2024-09-05T09:34:30.315+0100,-0.387,2.725,9.512
2807,2024-09-05T09:34:30.372+0100,-0.883,2.512,9.907
2807,2024-09-05T09:34:30.430+0100,-1.215,2.181,9.574
2807,2024-09-05T09:34:30.489+0100,-0.631,2.562,9.852
2807,2024-09-05T09:34:30.547+0100,-0.337,2.342,9.273
2807,2024-09-05T09:34:30.611+0100,0.081,2.852,9.17
2807,2024-09-05T09:34:30.668+0100,0.625,2.921,9.668
2807,2024-09-05T09:34:30.729+0100,1.274,3.072,9.261
2807,2024-09-05T09:34:30.789+0100,1.082,3.165,8.643
2807,2024-09-05T09:34:30.849+0100,0.967,3.105,9.392
2807,2024-09-05T09:34:30.911+0100,0.859,2.825,9.879
2807,2024-09-05T09:34:30.971+0100,0.838,2.72,9.206
2807,2024-09-05T09:34:31.030+0100,0.993,3.223,9.141
2807,2024-09-05T09:34:31.093+0100,0.589,3.117,8.837
2807,2024-09-05T09:34:31.153+0100,0.234,2.823,9.369
2807,2024-09-05T09:34:31.212+0100,0.404,2.856,9.895
2807,2024-09-05T09:34:31.271+0100,0.665,2.758,9.342
2807,2024-09-05T09:34:31.332+0100,1.053,2.842,9.021
2807,2024-09-05T09:34:31.392+0100,0.759,2.785,9.098
2807,2024-09-05T09:34:31.452+0100,0.919,3.357,9.625
2807,2024-09-05T09:34:31.515+0100,0.668,2.816,9.359
2807,2024-09-05T09:34:31.574+0100,1.027,3.421,8.849
2807,2024-09-05T09:34:31.636+0100,1.125,3.304,8.911
2807,2024-09-05T09:34:31.698+0100,1.3,2.768,8.827
2807,2024-09-05T09:34:31.759+0100,0.869,2.615,7.944
2807,2024-09-05T09:34:31.822+0100,0.117,4.355,11.004
2807,2024-09-05T09:34:31.881+0100,0.522,2.469,9.158
2807,2024-09-05T09:34:31.943+0100,0.622,2.832,8.684
2807,2024-09-05T09:34:32.004+0100,0.404,2.988,8.241
2807,2024-09-05T09:34:32.066+0100,0.122,2.969,10.034
2807,2024-09-05T09:34:32.125+0100,1.027,3.22,9.512
2807,2024-09-05T09:34:32.189+0100,1.858,3.524,9.622
2807,2024-09-05T09:34:32.252+0100,0.977,3.129,9.764
2807,2024-09-05T09:34:32.316+0100,0.627,2.512,9.266
2807,2024-09-05T09:34:32.376+0100,-0.16,2.801,8.442
2807,2024-09-05T09:34:32.436+0100,0.328,2.342,9.134
2807,2024-09-05T09:34:32.498+0100,0.615,2.732,9.34
2807,2024-09-05T09:34:32.562+0100,0.239,2.986,9.515
2807,2024-09-05T09:34:32.623+0100,0.91,3.026,10.039
2807,2024-09-05T09:34:32.683+0100,0.644,2.864,9.17
2807,2024-09-05T09:34:32.744+0100,0.491,2.78,8.66
2807,2024-09-05T09:34:32.805+0100,0.934,2.935,9.225
2807,2024-09-05T09:34:32.865+0100,0.744,2.849,9.776
2807,2024-09-05T09:34:32.927+0100,1.336,2.758,9.347
2807,2024-09-05T09:34:32.988+0100,1.235,2.265,10.044
2807,2024-09-05T09:34:33.053+0100,1.573,2.322,9.833
2807,2024-09-05T09:34:33.117+0100,1.422,2.567,9.007
2807,2024-09-05T09:34:33.179+0100,1.381,2.749,8.272
2807,2024-09-05T09:34:33.241+0100,1.403,2.619,9.364
2807,2024-09-05T09:34:33.303+0100,1.362,2.246,9.855
2807,2024-09-05T09:34:33.366+0100,1.741,2.095,9.373
2807,2024-09-05T09:34:33.430+0100,1.324,2.603,8.428
2807,2024-09-05T09:34:33.489+0100,1.843,2.543,10.159
2807,2024-09-05T09:34:33.549+0100,1.123,2.856,9.68
2807,2024-09-05T09:34:33.609+0100,0.907,3.692,9.258
2807,2024-09-05T09:34:33.669+0100,1.049,3.455,8.519
2807,2024-09-05T09:34:33.729+0100,0.78,2.849,9.014
2807,2024-09-05T09:34:33.789+0100,0.237,2.569,9.591
2807,2024-09-05T09:34:33.849+0100,0.476,2.696,9.462
2807,2024-09-05T09:34:33.910+0100,0.747,2.708,9.579
2807,2024-09-05T09:34:33.972+0100,0.754,2.129,9.364
2807,2024-09-05T09:34:34.036+0100,0.979,2.375,9.84
2807,2024-09-05T09:34:34.100+0100,1.053,2.382,9.187
2807,2024-09-05T09:34:34.166+0100,1.209,2.765,8.871
2807,2024-09-05T09:34:34.233+0100,0.984,2.634,9.658
2807,2024-09-05T09:34:34.296+0100,0.974,2.71,9.709
2807,2024-09-05T09:34:34.361+0100,0.515,2.327,9.73
2807,2024-09-05T09:34:34.422+0100,0.469,3.115,9.299
2807,2024-09-05T09:34:34.484+0100,0.45,3.268,9.273
2807,2024-09-05T09:34:34.545+0100,0.349,3.285,8.44
2807,2024-09-05T09:34:34.606+0100,0.246,4.01,8.887
2807,2024-09-05T09:34:34.668+0100,0.402,3.45,9.507
2807,2024-09-05T09:34:34.729+0100,0.103,3.314,9.452
2807,2024-09-05T09:34:34.791+0100,0.244,3.936,8.813
2807,2024-09-05T09:34:34.853+0100,0.304,3.893,7.848
2807,2024-09-05T09:34:34.916+0100,0.464,4.046,9.232
2807,2024-09-05T09:34:34.982+0100,0.314,3.694,8.65
2807,2024-09-05T09:34:35.048+0100,0.419,3.278,9.555
2807,2024-09-05T09:34:35.115+0100,-0.157,3.62,9.598
2807,2024-09-05T09:34:35.180+0100,-0.322,3.309,8.679
2807,2024-09-05T09:34:35.247+0100,-0.31,3.515,9.122
2807,2024-09-05T09:34:35.313+0100,0.201,3.309,9.064
2807,2024-09-05T09:34:35.377+0100,0.292,3.175,9.452
2807,2024-09-05T09:34:35.445+0100,0.246,3.359,9.081
2807,2024-09-05T09:34:35.511+0100,0.527,3.192,9.718
2807,2024-09-05T09:34:35.577+0100,0.51,3.395,9.306
2807,2024-09-05T09:34:35.645+0100,0.685,3.414,8.408
2807,2024-09-05T09:34:35.713+0100,0.263,3.785,9.146
2807,2024-09-05T09:34:35.781+0100,-0.157,3.263,9.577
2807,2024-09-05T09:34:35.849+0100,-0.729,3.127,9.471
2807,2024-09-05T09:34:35.915+0100,-0.502,2.789,9.026
2807,2024-09-05T09:34:35.983+0100,0.041,2.993,9.072
2807,2024-09-05T09:34:36.053+0100,0.728,3.175,9.115
2807,2024-09-05T09:34:36.119+0100,1.118,3.453,9.266
2807,2024-09-05T09:34:36.186+0100,0.67,3.718,9.098
2807,2024-09-05T09:34:36.254+0100,-0.102,3.242,9.096
2807,2024-09-05T09:34:36.322+0100,-0.543,3.038,9.069
2807,2024-09-05T09:34:36.394+0100,-0.358,3.029,9.222
2807,2024-09-05T09:34:36.463+0100,0.206,3.338,9.349
2807,2024-09-05T09:34:36.529+0100,0.493,3.524,9.313
2807,2024-09-05T09:34:36.597+0100,0.297,3.254,9.249
2807,2024-09-05T09:34:36.663+0100,-0.028,3.189,8.95
2807,2024-09-05T09:34:36.731+0100,-0.057,2.995,9.167
2807,2024-09-05T09:34:36.800+0100,0.146,3.208,9.062
2807,2024-09-05T09:34:36.869+0100,0.055,3.309,9.457
2807,2024-09-05T09:34:36.945+0100,0.194,3.125,9.333
2807,2024-09-05T09:34:37.016+0100,-0.049,2.923,9.086
2807,2024-09-05T09:34:37.088+0100,0.12,3.275,9.258
2807,2024-09-05T09:34:37.155+0100,0.218,3.237,9.419
2807,2024-09-05T09:34:37.224+0100,0.282,3.278,9.067
2807,2024-09-05T09:34:37.296+0100,0.05,3.182,8.983
2807,2024-09-05T09:34:37.366+0100,-0.004,3.285,9.541
2807,2024-09-05T09:34:37.439+0100,0.103,3.266,9.359
2807,2024-09-05T09:34:37.510+0100,0.045,3.022,8.839
2807,2024-09-05T09:34:37.579+0100,0.234,3.067,9.534
2807,2024-09-05T09:34:37.648+0100,1.211,2.538,10.02
2807,2024-09-05T09:34:37.717+0100,1.999,2.38,8.624
2807,2024-09-05T09:34:37.792+0100,2.016,2.785,11.284
2807,2024-09-05T09:34:37.866+0100,1.891,1.475,8.674
2807,2024-09-05T09:34:37.935+0100,2.164,2.526,8.667
2807,2024-09-05T09:34:38.003+0100,1.659,4.71,6.883
2807,2024-09-05T09:34:38.077+0100,0.155,4.877,10.58
2807,2024-09-05T09:34:38.147+0100,-0.476,3.826,9.378
2807,2024-09-05T09:34:38.217+0100,-0.538,2.78,10.508
2807,2024-09-05T09:34:38.286+0100,-1.29,1.714,10.451
2807,2024-09-05T09:34:38.355+0100,-0.198,1.274,9.392
2807,2024-09-05T09:34:38.425+0100,1.034,1.58,9.62
2807,2024-09-05T09:34:38.503+0100,2.588,1.927,8.78
2807,2024-09-05T09:34:38.575+0100,3.417,2.957,8.191
2807,2024-09-05T09:34:38.645+0100,3.153,3.146,8.88
2807,2024-09-05T09:34:38.716+0100,2.643,3.232,8.516
2807,2024-09-05T09:34:38.786+0100,1.657,2.897,9.268
2807,2024-09-05T09:34:38.863+0100,2.114,3.268,9.85
2807,2024-09-05T09:34:38.933+0100,1.666,2.643,8.945
2807,2024-09-05T09:34:39.005+0100,1.159,2.401,9.012
2807,2024-09-05T09:34:39.078+0100,1.149,2.729,9.117
2807,2024-09-05T09:34:39.153+0100,1.472,2.392,9.244
2807,2024-09-05T09:34:39.230+0100,1.8,2.976,8.49
2807,2024-09-05T09:34:39.303+0100,1.822,2.82,8.633
2807,2024-09-05T09:34:39.377+0100,1.089,2.43,7.206
2807,2024-09-05T09:34:39.447+0100,1.511,2.694,12.088
2807,2024-09-05T09:34:39.518+0100,0.644,0.905,10.049
2807,2024-09-05T09:34:39.594+0100,0.919,3.984,9.912
2807,2024-09-05T09:34:39.665+0100,0.45,0.421,10.609
2807,2024-09-05T09:34:39.735+0100,-0.935,3.56,2.274
2807,2024-09-05T09:34:39.811+0100,1.163,2.389,17.473
2807,2024-09-05T09:34:39.886+0100,0.184,0.232,7.963
2807,2024-09-05T09:34:39.959+0100,1.561,4.015,9.756
2807,2024-09-05T09:34:40.031+0100,1.161,2.708,7.623
2807,2024-09-05T09:34:40.104+0100,0.809,2.531,9.838
2807,2024-09-05T09:34:40.178+0100,-0.646,1.93,10.269
2807,2024-09-05T09:34:40.249+0100,-0.286,1.822,9.476
2807,2024-09-05T09:34:40.328+0100,-0.286,1.279,9.905
2807,2024-09-05T09:34:40.402+0100,0.218,2.018,10.23
2807,2024-09-05T09:34:40.474+0100,-0.109,2.667,10.18
2807,2024-09-05T09:34:40.546+0100,0.393,2.337,9.428
2807,2024-09-05T09:34:40.618+0100,0.043,2.028,8.906
2807,2024-09-05T09:34:40.697+0100,0.27,2.114,8.837
2807,2024-09-05T09:34:40.773+0100,0.452,2.334,9.244
2807,2024-09-05T09:34:40.847+0100,0.462,2.241,9.493
2807,2024-09-05T09:34:40.922+0100,0.302,2.617,10.113
2807,2024-09-05T09:34:40.997+0100,-0.318,2.303,9.665
2807,2024-09-05T09:34:41.071+0100,-0.523,2.028,9.196
2807,2024-09-05T09:34:41.142+0100,0.005,2.138,9.17
2807,2024-09-05T09:34:41.214+0100,0.452,2.251,9.498
2807,2024-09-05T09:34:41.289+0100,0.835,2.449,9.591
2807,2024-09-05T09:34:41.365+0100,0.687,2.452,9.589
2807,2024-09-05T09:34:41.440+0100,0.567,2.267,9.749
2807,2024-09-05T09:34:41.516+0100,0.845,2.605,9.63
2807,2024-09-05T09:34:41.588+0100,1.52,2.698,10.645
2807,2024-09-05T09:34:41.878+0100,0.457,2.332,9.273
2807,2024-09-05T09:34:42.077+0100,-0.686,1.925,7.367
2807,2024-09-05T09:34:42.214+0100,-1.965,1.403,8.938
2807,2024-09-05T09:34:42.285+0100,-0.966,1.858,10.527
2807,2024-09-05T09:34:42.357+0100,0.517,2.119,10.468
2807,2024-09-05T09:34:42.434+0100,1.135,2.48,9.943
2807,2024-09-05T09:34:42.514+0100,0.766,2.131,8.622
2807,2024-09-05T09:34:42.587+0100,0.572,2.248,8.863
2807,2024-09-05T09:34:42.660+0100,0.517,2.296,9.467
2807,2024-09-05T09:34:42.735+0100,0.498,2.325,10.187
2807,2024-09-05T09:34:42.808+0100,0.321,1.968,9.539
2807,2024-09-05T09:34:42.882+0100,0.359,2.109,9.941
2807,2024-09-05T09:34:42.955+0100,0.177,2.114,10.077
2807,2024-09-05T09:34:43.027+0100,0.503,2.32,9.203
2807,2024-09-05T09:34:43.102+0100,0.167,2.227,8.94
2807,2024-09-05T09:34:43.175+0100,0.476,2.136,9.141
2807,2024-09-05T09:34:43.248+0100,0.716,2.361,10.345
2807,2024-09-05T09:34:43.321+0100,0.9,1.511,9.5
2807,2024-09-05T09:34:43.399+0100,0.364,2.413,9.409
2807,2024-09-05T09:34:43.474+0100,0.625,2.291,9.385
2807,2024-09-05T09:34:43.548+0100,0.62,1.98,10.353
2807,2024-09-05T09:34:43.626+0100,0.634,2.05,8.909
2807,2024-09-05T09:34:43.701+0100,-0.119,2.392,9.366
2807,2024-09-05T09:34:43.777+0100,-0.243,2.562,9.177
2807,2024-09-05T09:34:43.854+0100,-0.569,2.016,10.309
2807,2024-09-05T09:34:43.932+0100,0.448,2.061,8.954
2807,2024-09-05T09:34:44.020+0100,0.388,1.846,9.902
2807,2024-09-05T09:34:44.116+0100,0.768,2.069,9.752
