2830,2024-09-03T12:25:00.013+0100,-0.63,2.902,9.334
2830,2024-09-03T12:25:00.147+0100,-1.488,3.226,8.94
2830,2024-09-03T12:25:00.282+0100,-1.248,3.55,9.238
2830,2024-09-03T12:25:00.417+0100,-0.679,4.23,8.718
2830,2024-09-03T12:25:00.550+0100,0.205,4.439,8.901
2830,2024-09-03T12:25:00.682+0100,0.33,4.737,8.429
2830,2024-09-03T12:25:00.817+0100,0.43,4.676,8.664
2830,2024-09-03T12:25:00.950+0100,0.395,4.589,8.597
2830,2024-09-03T12:25:01.081+0100,0.472,4.532,8.629
2830,2024-09-03T12:25:01.212+0100,0.498,4.491,8.773
2830,2024-09-03T12:25:01.347+0100,0.458,4.487,8.815
2830,2024-09-03T12:25:01.480+0100,0.458,4.489,8.773
2830,2024-09-03T12:25:01.614+0100,0.4,4.487,8.715
2830,2024-09-03T12:25:01.746+0100,0.279,4.541,8.715
2830,2024-09-03T12:25:01.881+0100,0.124,4.604,8.624
2830,2024-09-03T12:25:02.010+0100,0.194,4.527,8.827
2830,2024-09-03T12:25:02.146+0100,0.213,4.49,8.723
2830,2024-09-03T12:25:02.280+0100,0.165,4.475,8.553
2830,2024-09-03T12:25:02.415+0100,0.313,4.47,8.774
2830,2024-09-03T12:25:02.545+0100,0.62,4.425,9.01
2830,2024-09-03T12:25:02.679+0100,0.639,4.697,8.712
2830,2024-09-03T12:25:02.812+0100,0.354,4.842,8.782
2830,2024-09-03T12:25:02.943+0100,-0.174,5.231,8.072
2830,2024-09-03T12:25:03.078+0100,-0.103,5.367,8.185
2830,2024-09-03T12:25:03.211+0100,-0.173,5.31,8.308
2830,2024-09-03T12:25:03.345+0100,0.19,5.512,9.025
2830,2024-09-03T12:25:03.478+0100,0.637,5.958,7.715
2830,2024-09-03T12:25:03.610+0100,1.521,6.55,6.377
2830,2024-09-03T12:25:03.743+0100,2.431,6.589,6.632
2830,2024-09-03T12:25:03.924+0100,3.731,6.541,6.19
2830,2024-09-03T12:25:04.060+0100,3.763,6.238,5.813
2830,2024-09-03T12:25:04.193+0100,2.963,5.417,6.034
2830,2024-09-03T12:25:04.359+0100,3.389,5.757,7.171
2830,2024-09-03T12:25:04.494+0100,1.912,5.637,8.703
2830,2024-09-03T12:25:04.626+0100,0.449,4.98,8.475
2830,2024-09-03T12:25:04.759+0100,-0.456,4.53,8.818
2830,2024-09-03T12:25:04.895+0100,-0.27,4.573,8.884
2830,2024-09-03T12:25:05.025+0100,0.427,4.912,8.41
2830,2024-09-03T12:25:05.159+0100,0.724,4.967,8.497
2830,2024-09-03T12:25:05.293+0100,0.689,4.752,8.645
2830,2024-09-03T12:25:05.424+0100,0.68,4.788,8.728
2830,2024-09-03T12:25:05.558+0100,0.725,4.787,8.553
2830,2024-09-03T12:25:05.691+0100,0.931,4.826,8.555
2830,2024-09-03T12:25:05.826+0100,1.911,5.072,8.081
2830,2024-09-03T12:25:05.957+0100,1.491,5.078,8.342
2830,2024-09-03T12:25:06.091+0100,1.758,5.642,7.781
2830,2024-09-03T12:25:06.224+0100,1.845,5.768,7.682
2830,2024-09-03T12:25:06.356+0100,2.361,5.967,7.325
2830,2024-09-03T12:25:06.491+0100,3.24,6.048,7.178
2830,2024-09-03T12:25:06.625+0100,3.182,6.227,6.827
2830,2024-09-03T12:25:06.759+0100,2.898,6.358,7.226
2830,2024-09-03T12:25:06.890+0100,2.709,6.384,6.483
2830,2024-09-03T12:25:07.025+0100,3.704,6.479,6.189
2830,2024-09-03T12:25:07.156+0100,4.227,6.52,5.722
2830,2024-09-03T12:25:07.291+0100,4.646,5.777,6.482
2830,2024-09-03T12:25:07.423+0100,4.941,5.519,7.205
2830,2024-09-03T12:25:07.558+0100,4.185,5.057,7.018
2830,2024-09-03T12:25:07.689+0100,5.237,5.405,6.726
2830,2024-09-03T12:25:07.824+0100,4.724,5.492,6.961
2830,2024-09-03T12:25:07.956+0100,4.479,5.058,6.248
2830,2024-09-03T12:25:08.136+0100,5.353,5.227,6.296
2830,2024-09-03T12:25:08.221+0100,5.937,4.906,6.385
2830,2024-09-03T12:25:08.356+0100,5.641,4.485,6.351
2830,2024-09-03T12:25:08.487+0100,6.735,4.738,6.586
2830,2024-09-03T12:25:08.621+0100,5.986,4.671,5.849
2830,2024-09-03T12:25:08.755+0100,6.415,4.734,5.245
2830,2024-09-03T12:25:08.886+0100,6.544,4.668,6.021
2830,2024-09-03T12:25:09.017+0100,6.284,4.792,5.744
2830,2024-09-03T12:25:09.149+0100,6.129,4.892,5.039
2830,2024-09-03T12:25:09.286+0100,6.421,5.238,5.52
2830,2024-09-03T12:25:09.419+0100,5.832,4.412,5.721
2830,2024-09-03T12:25:09.553+0100,5.01,4.478,8.383
2830,2024-09-03T12:25:09.685+0100,4.921,4.865,6.861
2830,2024-09-03T12:25:09.819+0100,4.396,4.817,7.126
2830,2024-09-03T12:25:09.952+0100,4.478,4.574,7.253
2830,2024-09-03T12:25:10.086+0100,4.236,4.538,7.653
2830,2024-09-03T12:25:10.216+0100,4.043,4.454,7.799
2830,2024-09-03T12:25:10.351+0100,3.94,4.34,7.924
2830,2024-09-03T12:25:10.483+0100,4.102,4.442,7.791
2830,2024-09-03T12:25:10.619+0100,4.052,4.281,7.833
2830,2024-09-03T12:25:10.759+0100,4.007,4.071,8.044
2830,2024-09-03T12:25:10.882+0100,3.699,3.808,8.486
2830,2024-09-03T12:25:11.015+0100,3.109,3.415,8.885
2830,2024-09-03T12:25:11.147+0100,2.319,3.27,9.649
2830,2024-09-03T12:25:11.282+0100,0.962,4.211,8.528
2830,2024-09-03T12:25:11.468+0100,0.315,5.184,9.176
2830,2024-09-03T12:25:11.600+0100,-0.071,5.063,7.655
2830,2024-09-03T12:25:11.734+0100,-0.802,5.309,7.816
2830,2024-09-03T12:25:11.866+0100,-0.796,5.502,8.125
2830,2024-09-03T12:25:11.997+0100,-0.61,4.826,8.65
2830,2024-09-03T12:25:12.131+0100,-0.565,4.817,8.524
2830,2024-09-03T12:25:12.266+0100,-0.854,4.671,8.179
2830,2024-09-03T12:25:12.400+0100,-1.036,4.71,8.975
2830,2024-09-03T12:25:12.532+0100,-0.458,4.814,8.699
2830,2024-09-03T12:25:12.669+0100,-0.36,4.817,8.227
2830,2024-09-03T12:25:12.796+0100,0.264,4.72,8.853
2830,2024-09-03T12:25:12.929+0100,-0.169,4.487,8.336
2830,2024-09-03T12:25:13.062+0100,2.196,5.774,7.163
2830,2024-09-03T12:25:13.195+0100,2.104,5.566,7.862
2830,2024-09-03T12:25:13.329+0100,1.507,5.188,8.194
2830,2024-09-03T12:25:13.463+0100,2.925,5.917,6.782
2830,2024-09-03T12:25:13.598+0100,2.76,5.746,7.372
2830,2024-09-03T12:25:13.728+0100,2.462,4.685,6.933
2830,2024-09-03T12:25:13.863+0100,3.188,5.515,8.877
2830,2024-09-03T12:25:13.995+0100,2.113,4.761,8.591
2830,2024-09-03T12:25:14.062+0100,0.997,4.504,9.37
2830,2024-09-03T12:25:14.077+0100,1.011,4.638,9.589
2830,2024-09-03T12:25:14.092+0100,1.131,4.667,9.288
2830,2024-09-03T12:25:14.110+0100,1.171,4.557,8.596
2830,2024-09-03T12:25:14.127+0100,0.977,4.405,7.974
2830,2024-09-03T12:25:14.145+0100,0.715,4.43,7.648
2830,2024-09-03T12:25:14.160+0100,0.845,4.286,7.53
2830,2024-09-03T12:25:14.175+0100,0.734,4.601,7.939
2830,2024-09-03T12:25:14.198+0100,0.843,4.725,8.282
2830,2024-09-03T12:25:14.212+0100,0.797,4.83,9.147
2830,2024-09-03T12:25:14.229+0100,0.775,4.737,9.437
2830,2024-09-03T12:25:14.245+0100,0.68,4.64,9.51
2830,2024-09-03T12:25:14.262+0100,0.549,4.469,9.142
2830,2024-09-03T12:25:14.279+0100,0.403,4.345,8.647
2830,2024-09-03T12:25:14.428+0100,-0.629,4.107,9.163
2830,2024-09-03T12:25:14.562+0100,-0.683,3.852,9.095
2830,2024-09-03T12:25:14.697+0100,-0.695,4.231,8.794
2830,2024-09-03T12:25:14.890+0100,-0.526,3.741,9.511
2830,2024-09-03T12:25:15.001+0100,-0.541,4.138,8.487
2830,2024-09-03T12:25:15.092+0100,-0.488,4.023,9.063
2830,2024-09-03T12:25:15.227+0100,-0.241,5.364,9.135
2830,2024-09-03T12:25:15.362+0100,3.377,4.945,6.876
2830,2024-09-03T12:25:15.493+0100,6.407,4.771,4.464
2830,2024-09-03T12:25:15.626+0100,6.949,5.533,4.671
2830,2024-09-03T12:25:15.761+0100,7.198,5.616,3.901
2830,2024-09-03T12:25:15.898+0100,7.952,5.171,3.022
2830,2024-09-03T12:25:16.024+0100,7.126,4.733,3.431
2830,2024-09-03T12:25:16.156+0100,8.132,5.145,2.472
2830,2024-09-03T12:25:16.288+0100,8.192,5.079,2.576
2830,2024-09-03T12:25:16.425+0100,7.893,4.882,2.754
2830,2024-09-03T12:25:16.559+0100,8.323,4.86,2.999
2830,2024-09-03T12:25:16.690+0100,7.582,4.506,3.776
2830,2024-09-03T12:25:16.825+0100,8.362,4.75,2.355
2830,2024-09-03T12:25:16.960+0100,8.166,4.69,2.56
2830,2024-09-03T12:25:17.092+0100,8.279,4.781,2.734
2830,2024-09-03T12:25:17.226+0100,8.081,4.753,2.631
2830,2024-09-03T12:25:17.358+0100,8.091,4.683,2.892
2830,2024-09-03T12:25:17.490+0100,8.043,4.578,3.279
2830,2024-09-03T12:25:17.624+0100,8.167,4.451,2.828
2830,2024-09-03T12:25:17.762+0100,8.164,4.228,2.764
2830,2024-09-03T12:25:17.895+0100,8.362,4.143,3.037
2830,2024-09-03T12:25:18.022+0100,8.393,4.278,2.985
2830,2024-09-03T12:25:18.157+0100,8.218,3.998,3.09
2830,2024-09-03T12:25:18.290+0100,8.283,3.94,3.159
2830,2024-09-03T12:25:18.423+0100,8.589,3.817,3.163
2830,2024-09-03T12:25:18.557+0100,8.186,3.489,3.941
2830,2024-09-03T12:25:18.688+0100,8.859,3.665,2.588
2830,2024-09-03T12:25:18.823+0100,8.437,3.577,3.115
2830,2024-09-03T12:25:18.955+0100,8.46,3.409,3.625
2830,2024-09-03T12:25:19.085+0100,8.198,3.332,4.016
2830,2024-09-03T12:25:19.220+0100,8.099,3.197,4.305
2830,2024-09-03T12:25:19.353+0100,8.586,3.404,3.884
2830,2024-09-03T12:25:19.489+0100,8.06,3.047,4.189
2830,2024-09-03T12:25:19.623+0100,8.195,3.004,4.14
2830,2024-09-03T12:25:19.754+0100,8.407,3.01,4.326
2830,2024-09-03T12:25:19.888+0100,8.222,2.882,4.167
2830,2024-09-03T12:25:20.018+0100,8.508,2.685,4.549
2830,2024-09-03T12:25:20.150+0100,8.052,2.626,4.833
2830,2024-09-03T12:25:20.285+0100,8.421,3.084,4.426
2830,2024-09-03T12:25:20.418+0100,8.17,2.609,5.142
2830,2024-09-03T12:25:20.553+0100,8.07,2.587,4.787
2830,2024-09-03T12:25:20.688+0100,8.361,2.734,4.824
2830,2024-09-03T12:25:20.818+0100,7.957,2.608,5.175
2830,2024-09-03T12:25:20.951+0100,7.452,2.551,5.119
2830,2024-09-03T12:25:21.083+0100,7.524,2.469,5.722
2830,2024-09-03T12:25:21.216+0100,9.017,2.856,4.287
2830,2024-09-03T12:25:21.350+0100,8.355,2.229,4.033
2830,2024-09-03T12:25:21.486+0100,8.751,2.192,4.697
2830,2024-09-03T12:25:21.616+0100,8.142,1.6,5.832
2830,2024-09-03T12:25:21.752+0100,7.852,1.001,6.264
2830,2024-09-03T12:25:21.886+0100,6.305,0.226,7.685
2830,2024-09-03T12:25:22.016+0100,7.759,0.331,5.982
2830,2024-09-03T12:25:22.150+0100,7.929,-0.161,4.522
2830,2024-09-03T12:25:22.284+0100,7.822,-0.641,5.575
2830,2024-09-03T12:25:22.416+0100,8.009,-0.604,5.651
2830,2024-09-03T12:25:22.551+0100,8.352,-0.837,5.355
2830,2024-09-03T12:25:22.684+0100,8.46,-2.049,5.657
2830,2024-09-03T12:25:22.815+0100,8.556,-1.077,5.353
2830,2024-09-03T12:25:22.948+0100,8.55,-0.802,5.828
2830,2024-09-03T12:25:23.082+0100,8.809,3.209,9.114
2830,2024-09-03T12:25:23.213+0100,7.902,1.306,4.555
2830,2024-09-03T12:25:23.351+0100,8.967,-0.115,3.562
2830,2024-09-03T12:25:23.483+0100,10.761,1.94,-0.699
2830,2024-09-03T12:25:23.616+0100,8.035,1.561,-1.95
2830,2024-09-03T12:25:23.763+0100,9.562,-1.348,0.653
2830,2024-09-03T12:25:23.880+0100,9.861,1.835,-0.553
2830,2024-09-03T12:25:24.012+0100,9.73,1.571,0.249
2830,2024-09-03T12:25:24.149+0100,9.554,2.478,0.449
2830,2024-09-03T12:25:24.282+0100,9.516,2.518,0.035
2830,2024-09-03T12:25:24.414+0100,9.518,2.195,1.184
2830,2024-09-03T12:25:24.546+0100,9.504,2.152,1.227
2830,2024-09-03T12:25:24.682+0100,9.517,1.928,2.069
2830,2024-09-03T12:25:24.814+0100,9.407,2.194,1.697
2830,2024-09-03T12:25:24.944+0100,8.608,2.282,3.898
2830,2024-09-03T12:25:25.079+0100,9.022,2.131,2.792
2830,2024-09-03T12:25:25.213+0100,8.433,2.3,5.124
2830,2024-09-03T12:25:25.347+0100,8.113,2.983,4.341
2830,2024-09-03T12:25:25.479+0100,8.438,0.976,5.238
2830,2024-09-03T12:25:25.613+0100,7.504,-0.453,4.767
2830,2024-09-03T12:25:25.746+0100,7.834,2.833,6.152
2830,2024-09-03T12:25:25.878+0100,7.972,2.114,6.213
2830,2024-09-03T12:25:26.011+0100,8.111,0.584,6.539
2830,2024-09-03T12:25:26.142+0100,8.235,0.164,6.656
2830,2024-09-03T12:25:26.277+0100,8.082,0.294,5.389
2830,2024-09-03T12:25:26.412+0100,6.536,0.858,5.194
2830,2024-09-03T12:25:26.544+0100,7.0,1.506,6.131
2830,2024-09-03T12:25:26.678+0100,7.262,1.225,6.306
2830,2024-09-03T12:25:26.811+0100,7.728,0.875,6.903
2830,2024-09-03T12:25:26.942+0100,8.458,0.258,7.295
2830,2024-09-03T12:25:27.077+0100,6.823,0.405,6.602
2830,2024-09-03T12:25:27.210+0100,4.922,1.124,5.048
2830,2024-09-03T12:25:27.343+0100,6.623,2.857,7.33
2830,2024-09-03T12:25:27.475+0100,4.705,2.573,5.647
2830,2024-09-03T12:25:27.610+0100,5.816,0.667,4.93
2830,2024-09-03T12:25:27.745+0100,8.391,-1.649,6.806
2830,2024-09-03T12:25:27.875+0100,9.179,0.7,11.775
2830,2024-09-03T12:25:28.026+0100,6.077,-1.256,8.151
2830,2024-09-03T12:25:28.141+0100,6.19,-2.688,7.378
2830,2024-09-03T12:25:28.275+0100,6.434,-2.024,5.396
2830,2024-09-03T12:25:28.405+0100,7.406,-1.753,5.977
2830,2024-09-03T12:25:28.542+0100,7.841,-2.088,6.24
2830,2024-09-03T12:25:28.674+0100,6.665,-2.797,7.098
2830,2024-09-03T12:25:28.807+0100,6.343,-1.283,3.607
2830,2024-09-03T12:25:28.938+0100,7.174,0.185,5.98
2830,2024-09-03T12:25:29.073+0100,7.814,0.053,8.733
2830,2024-09-03T12:25:29.218+0100,5.794,0.091,7.48
2830,2024-09-03T12:25:29.338+0100,3.415,-0.12,10.651
2830,2024-09-03T12:25:29.472+0100,1.292,1.135,10.135
2830,2024-09-03T12:25:29.607+0100,1.6,4.755,12.142
2830,2024-09-03T12:25:29.744+0100,0.979,4.19,9.048
2830,2024-09-03T12:25:29.873+0100,-1.501,2.09,8.177
2830,2024-09-03T12:25:30.005+0100,-1.832,4.502,9.041
2830,2024-09-03T12:25:30.138+0100,-1.65,4.405,8.416
2830,2024-09-03T12:25:30.272+0100,-0.677,4.743,8.413
2830,2024-09-03T12:25:30.406+0100,0.05,5.151,7.871
2830,2024-09-03T12:25:30.540+0100,-1.55,4.695,7.763
2830,2024-09-03T12:25:30.672+0100,-1.505,4.184,8.637
2830,2024-09-03T12:25:30.806+0100,-0.949,4.282,8.953
2830,2024-09-03T12:25:30.938+0100,-0.855,3.877,8.922
2830,2024-09-03T12:25:31.069+0100,-1.107,3.993,8.889
2830,2024-09-03T12:25:31.203+0100,-1.534,3.9,9.075
2830,2024-09-03T12:25:31.340+0100,-1.615,3.988,8.716
2830,2024-09-03T12:25:31.472+0100,-1.245,4.111,8.895
2830,2024-09-03T12:25:31.603+0100,-1.099,4.025,9.242
2830,2024-09-03T12:25:31.739+0100,-1.601,4.139,8.694
2830,2024-09-03T12:25:31.870+0100,-1.106,4.204,8.827
2830,2024-09-03T12:25:32.003+0100,-0.436,4.567,8.408
2830,2024-09-03T12:25:32.136+0100,-0.611,4.614,8.643
2830,2024-09-03T12:25:32.269+0100,-0.9,4.485,8.613
2830,2024-09-03T12:25:32.402+0100,-0.611,4.727,8.606
2830,2024-09-03T12:25:32.538+0100,-0.786,4.414,9.02
2830,2024-09-03T12:25:32.667+0100,-1.08,4.799,8.077
2830,2024-09-03T12:25:32.803+0100,-1.165,4.392,8.846
2830,2024-09-03T12:25:32.935+0100,-0.76,4.726,8.688
2830,2024-09-03T12:25:33.067+0100,-1.047,4.522,8.767
2830,2024-09-03T12:25:33.202+0100,-1.096,4.548,8.62
2830,2024-09-03T12:25:33.335+0100,-1.001,4.43,8.679
2830,2024-09-03T12:25:33.468+0100,-0.692,4.518,8.884
2830,2024-09-03T12:25:33.601+0100,-1.124,4.475,8.491
2830,2024-09-03T12:25:33.735+0100,-0.492,4.457,8.859
2830,2024-09-03T12:25:33.866+0100,-0.377,4.634,8.284
2830,2024-09-03T12:25:33.999+0100,-0.273,4.466,9.012
2830,2024-09-03T12:25:34.135+0100,-0.4,4.405,8.836
2830,2024-09-03T12:25:34.266+0100,-0.725,4.44,8.581
2830,2024-09-03T12:25:34.399+0100,-0.337,4.306,8.85
2830,2024-09-03T12:25:34.533+0100,-0.385,4.53,8.716
2830,2024-09-03T12:25:34.667+0100,0.09,4.37,9.94
2830,2024-09-03T12:25:34.799+0100,0.932,4.432,8.126
2830,2024-09-03T12:25:34.932+0100,1.059,5.646,7.918
2830,2024-09-03T12:25:35.065+0100,0.182,5.201,7.722
2830,2024-09-03T12:25:35.199+0100,-0.404,4.412,8.919
2830,2024-09-03T12:25:35.332+0100,-1.238,3.936,8.959
2830,2024-09-03T12:25:35.467+0100,-1.711,3.817,8.871
2830,2024-09-03T12:25:35.598+0100,-1.344,3.744,9.069
2830,2024-09-03T12:25:35.733+0100,-1.159,3.845,8.935
2830,2024-09-03T12:25:35.864+0100,-1.369,3.797,9.008
2830,2024-09-03T12:25:35.997+0100,-1.023,3.846,9.183
2830,2024-09-03T12:25:36.131+0100,-0.674,4.26,8.75
2830,2024-09-03T12:25:36.213+0100,-0.586,4.207,8.948
2830,2024-09-03T12:25:36.229+0100,-0.491,4.15,9.001
2830,2024-09-03T12:25:36.246+0100,-0.519,4.178,8.919
2830,2024-09-03T12:25:36.262+0100,-0.586,4.193,8.948
2830,2024-09-03T12:25:36.280+0100,-0.591,4.165,9.029
2830,2024-09-03T12:25:36.295+0100,-0.224,4.154,9.165
2830,2024-09-03T12:25:36.313+0100,-0.567,4.193,8.962
2830,2024-09-03T12:25:36.331+0100,-0.91,4.289,8.841
2830,2024-09-03T12:25:36.344+0100,-0.87,4.351,8.362
2830,2024-09-03T12:25:36.378+0100,-0.833,4.261,8.554
2830,2024-09-03T12:25:36.393+0100,-0.792,4.192,8.659
2830,2024-09-03T12:25:36.409+0100,-0.855,4.149,8.839
2830,2024-09-03T12:25:36.426+0100,-0.852,4.184,8.923
2830,2024-09-03T12:25:36.442+0100,-0.713,4.24,8.993
2830,2024-09-03T12:25:36.459+0100,-0.598,4.285,9.049
2830,2024-09-03T12:25:36.476+0100,-0.568,4.32,9.048
2830,2024-09-03T12:25:36.493+0100,-0.615,4.296,8.938
2830,2024-09-03T12:25:36.509+0100,-0.608,4.331,8.746
2830,2024-09-03T12:25:36.526+0100,-0.55,4.33,8.699
2830,2024-09-03T12:25:36.542+0100,-0.517,4.354,8.634
2830,2024-09-03T12:25:36.559+0100,-0.535,4.389,8.621
2830,2024-09-03T12:25:36.576+0100,-0.565,4.442,8.652
2830,2024-09-03T12:25:36.593+0100,-0.575,4.469,8.676
2830,2024-09-03T12:25:36.609+0100,-0.575,4.432,8.697
2830,2024-09-03T12:25:36.626+0100,-0.614,4.399,8.719
2830,2024-09-03T12:25:36.642+0100,-0.665,4.369,8.694
2830,2024-09-03T12:25:36.659+0100,-0.689,4.357,8.672
2830,2024-09-03T12:25:36.676+0100,-0.678,4.397,8.593
2830,2024-09-03T12:25:36.692+0100,-0.628,4.402,8.758
2830,2024-09-03T12:25:36.709+0100,-0.553,4.33,8.881
2830,2024-09-03T12:25:36.726+0100,-0.594,4.304,8.891
2830,2024-09-03T12:25:36.742+0100,-0.641,4.286,8.947
2830,2024-09-03T12:25:36.759+0100,-0.662,4.318,8.998
2830,2024-09-03T12:25:36.775+0100,-0.684,4.366,8.839
2830,2024-09-03T12:25:36.792+0100,-0.662,4.371,8.702
2830,2024-09-03T12:25:36.809+0100,-0.642,4.341,8.581
2830,2024-09-03T12:25:36.826+0100,-0.67,4.341,8.545
2830,2024-09-03T12:25:36.842+0100,-0.696,4.345,8.676
2830,2024-09-03T12:25:36.859+0100,-0.712,4.365,8.754
2830,2024-09-03T12:25:36.876+0100,-0.772,4.412,8.835
2830,2024-09-03T12:25:36.893+0100,-0.774,4.397,8.843
2830,2024-09-03T12:25:36.909+0100,-0.73,4.338,8.774
2830,2024-09-03T12:25:36.925+0100,-0.673,4.333,8.658
2830,2024-09-03T12:25:37.063+0100,-0.595,4.255,8.761
2830,2024-09-03T12:25:37.246+0100,-0.772,4.403,8.745
2830,2024-09-03T12:25:37.380+0100,-0.623,4.33,8.812
2830,2024-09-03T12:25:37.512+0100,-0.597,4.388,8.788
2830,2024-09-03T12:25:37.647+0100,-0.609,4.362,8.937
2830,2024-09-03T12:25:37.780+0100,-0.599,4.497,8.503
2830,2024-09-03T12:25:37.910+0100,-0.633,4.309,9.044
2830,2024-09-03T12:25:38.040+0100,-0.48,4.704,8.485
2830,2024-09-03T12:25:38.142+0100,-0.636,4.137,8.768
2830,2024-09-03T12:25:38.276+0100,-0.7,3.773,9.254
2830,2024-09-03T12:25:38.409+0100,-0.568,3.995,8.738
2830,2024-09-03T12:25:38.543+0100,0.045,4.428,8.563
2830,2024-09-03T12:25:38.681+0100,-0.407,4.165,8.789
2830,2024-09-03T12:25:38.810+0100,-0.358,4.148,9.048
2830,2024-09-03T12:25:38.940+0100,-1.19,3.651,8.609
2830,2024-09-03T12:25:39.082+0100,-1.192,3.135,9.842
2830,2024-09-03T12:25:39.207+0100,-1.153,3.58,8.612
2830,2024-09-03T12:25:39.344+0100,-0.428,3.709,9.118
2830,2024-09-03T12:25:39.474+0100,-0.661,3.786,9.05
2830,2024-09-03T12:25:39.608+0100,-0.854,3.785,9.082
2830,2024-09-03T12:25:39.742+0100,-0.828,3.816,8.885
2830,2024-09-03T12:25:39.872+0100,-0.678,3.931,9.053
2830,2024-09-03T12:25:40.005+0100,-0.889,3.842,9.052
2830,2024-09-03T12:25:40.140+0100,-0.823,3.922,8.936
2830,2024-09-03T12:25:40.276+0100,-0.693,3.905,8.98
2830,2024-09-03T12:25:40.406+0100,-0.877,3.792,8.795
2830,2024-09-03T12:25:40.539+0100,-0.786,3.628,8.803
2830,2024-09-03T12:25:40.686+0100,-0.903,3.46,9.218
2830,2024-09-03T12:25:40.803+0100,-0.774,3.58,9.337
2830,2024-09-03T12:25:40.938+0100,-0.647,3.664,9.109
2830,2024-09-03T12:25:41.073+0100,-0.875,3.593,9.002
2830,2024-09-03T12:25:41.206+0100,-0.263,4.061,9.352
2830,2024-09-03T12:25:41.339+0100,0.959,3.939,9.958
2830,2024-09-03T12:25:41.472+0100,1.854,4.478,8.149
2830,2024-09-03T12:25:41.606+0100,2.104,4.752,6.857
2830,2024-09-03T12:25:41.738+0100,2.356,4.454,7.622
2830,2024-09-03T12:25:41.875+0100,2.377,5.676,7.365
2830,2024-09-03T12:25:42.004+0100,1.79,5.496,7.533
2830,2024-09-03T12:25:42.138+0100,2.667,5.997,8.96
2830,2024-09-03T12:25:42.272+0100,2.994,6.112,6.606
2830,2024-09-03T12:25:42.404+0100,4.825,6.825,6.126
2830,2024-09-03T12:25:42.538+0100,3.409,6.375,6.211
2830,2024-09-03T12:25:42.671+0100,5.666,6.537,3.507
2830,2024-09-03T12:25:42.806+0100,5.561,6.602,4.143
2830,2024-09-03T12:25:42.936+0100,6.588,6.563,2.987
2830,2024-09-03T12:25:43.069+0100,6.278,6.64,4.149
2830,2024-09-03T12:25:43.200+0100,6.848,6.573,2.765
2830,2024-09-03T12:25:43.336+0100,6.184,6.454,4.043
2830,2024-09-03T12:25:43.479+0100,7.804,6.382,1.189
2830,2024-09-03T12:25:43.600+0100,6.6,5.967,3.595
2830,2024-09-03T12:25:43.735+0100,8.187,5.886,0.683
2830,2024-09-03T12:25:43.868+0100,7.14,5.477,2.002
2830,2024-09-03T12:25:44.000+0100,8.334,5.577,1.381
2830,2024-09-03T12:25:44.136+0100,7.854,5.298,1.9
2830,2024-09-03T12:25:44.269+0100,8.814,5.495,0.74
2830,2024-09-03T12:25:44.401+0100,7.387,4.982,1.874
2830,2024-09-03T12:25:44.535+0100,9.123,4.889,0.738
2830,2024-09-03T12:25:44.668+0100,8.291,4.454,0.103
2830,2024-09-03T12:25:44.807+0100,8.514,4.591,0.229
2830,2024-09-03T12:25:44.932+0100,8.264,4.592,0.165
2830,2024-09-03T12:25:45.065+0100,9.226,4.664,1.01
2830,2024-09-03T12:25:45.199+0100,8.605,3.958,0.174
2830,2024-09-03T12:25:45.332+0100,9.172,4.077,1.0
2830,2024-09-03T12:25:45.467+0100,9.074,4.068,-0.225
2830,2024-09-03T12:25:45.602+0100,8.825,4.165,1.006
2830,2024-09-03T12:25:45.734+0100,8.792,4.058,-0.048
2830,2024-09-03T12:25:45.867+0100,8.218,3.753,1.111
2830,2024-09-03T12:25:45.999+0100,9.573,3.867,-0.983
2830,2024-09-03T12:25:46.146+0100,8.168,3.504,1.708
2830,2024-09-03T12:25:46.311+0100,9.669,3.842,0.342
2830,2024-09-03T12:25:46.397+0100,9.17,3.294,-0.488
2830,2024-09-03T12:25:46.530+0100,8.858,3.165,2.143
2830,2024-09-03T12:25:46.664+0100,9.714,3.183,-0.854
2830,2024-09-03T12:25:46.800+0100,8.819,2.762,0.866
2830,2024-09-03T12:25:46.929+0100,9.622,2.929,0.208
2830,2024-09-03T12:25:47.062+0100,9.723,3.032,-1.652
2830,2024-09-03T12:25:47.196+0100,8.97,2.71,1.167
2830,2024-09-03T12:25:47.330+0100,10.487,2.874,-0.336
2830,2024-09-03T12:25:47.463+0100,9.117,2.226,0.738
2830,2024-09-03T12:25:47.598+0100,9.075,2.188,1.571
2830,2024-09-03T12:25:47.731+0100,9.983,2.243,-0.704
2830,2024-09-03T12:25:47.863+0100,9.093,1.917,1.023
2830,2024-09-03T12:25:47.995+0100,9.58,1.96,0.876
2830,2024-09-03T12:25:48.131+0100,10.182,1.743,-1.046
2830,2024-09-03T12:25:48.264+0100,9.157,1.351,0.44
2830,2024-09-03T12:25:48.398+0100,9.846,1.198,0.327
2830,2024-09-03T12:25:48.530+0100,9.203,1.262,1.068
2830,2024-09-03T12:25:48.662+0100,10.023,1.424,0.379
2830,2024-09-03T12:25:48.795+0100,10.176,1.001,-0.763
2830,2024-09-03T12:25:48.927+0100,9.099,0.419,0.587
2830,2024-09-03T12:25:49.060+0100,9.472,0.354,0.042
2830,2024-09-03T12:25:49.195+0100,9.695,0.389,0.212
2830,2024-09-03T12:25:49.326+0100,10.143,0.406,0.497
2830,2024-09-03T12:25:49.459+0100,10.253,0.132,-0.652
2830,2024-09-03T12:25:49.596+0100,9.971,-0.48,0.081
2830,2024-09-03T12:25:49.727+0100,10.161,-0.461,0.111
2830,2024-09-03T12:25:49.861+0100,9.909,-0.471,0.625
2830,2024-09-03T12:25:49.993+0100,9.654,-0.974,1.161
2830,2024-09-03T12:25:50.161+0100,10.192,-0.891,-0.508
2830,2024-09-03T12:25:50.256+0100,9.926,-0.886,-0.186
2830,2024-09-03T12:25:50.394+0100,9.583,-0.826,2.018
2830,2024-09-03T12:25:50.525+0100,9.573,-0.706,0.039
2830,2024-09-03T12:25:50.658+0100,9.364,-0.987,1.545
2830,2024-09-03T12:25:50.792+0100,9.507,-0.805,0.59
2830,2024-09-03T12:25:50.925+0100,10.053,-1.205,0.151
2830,2024-09-03T12:25:51.056+0100,9.122,-1.731,2.084
2830,2024-09-03T12:25:51.190+0100,9.269,-1.929,1.866
2830,2024-09-03T12:25:51.326+0100,10.474,-1.643,0.468
2830,2024-09-03T12:25:51.459+0100,8.981,-2.59,2.673
2830,2024-09-03T12:25:51.592+0100,10.408,-2.195,1.912
2830,2024-09-03T12:25:51.729+0100,9.988,-2.533,0.568
2830,2024-09-03T12:25:51.858+0100,9.115,-3.084,1.25
2830,2024-09-03T12:25:51.989+0100,8.709,-2.843,1.656
2830,2024-09-03T12:25:52.124+0100,9.125,-3.173,0.803
2830,2024-09-03T12:25:52.257+0100,9.288,-3.507,1.692
2830,2024-09-03T12:25:52.392+0100,9.238,-2.906,1.171
2830,2024-09-03T12:25:52.526+0100,9.304,-3.255,0.735
2830,2024-09-03T12:25:52.656+0100,8.871,-3.673,0.978
2830,2024-09-03T12:25:52.791+0100,9.09,-4.097,0.646
2830,2024-09-03T12:25:52.921+0100,8.748,-3.533,0.998
2830,2024-09-03T12:25:53.056+0100,9.282,-3.589,1.056
2830,2024-09-03T12:25:53.189+0100,9.121,-4.439,0.647
2830,2024-09-03T12:25:53.322+0100,8.756,-4.586,-1.18
2830,2024-09-03T12:25:53.459+0100,7.842,-3.964,2.053
2830,2024-09-03T12:25:53.590+0100,8.6,-3.586,1.463
2830,2024-09-03T12:25:53.772+0100,8.791,-4.041,-0.449
2830,2024-09-03T12:25:53.852+0100,8.028,-3.724,1.266
2830,2024-09-03T12:25:53.987+0100,9.609,-3.517,0.65
2830,2024-09-03T12:25:54.121+0100,9.299,-3.491,0.519
2830,2024-09-03T12:25:54.256+0100,9.026,-3.528,1.736
2830,2024-09-03T12:25:54.388+0100,9.04,-3.504,1.223
2830,2024-09-03T12:25:54.523+0100,9.856,-3.346,2.513
2830,2024-09-03T12:25:54.657+0100,9.045,-3.485,1.236
2830,2024-09-03T12:25:54.787+0100,8.386,-3.403,1.193
2830,2024-09-03T12:25:54.918+0100,8.979,-3.364,-0.333
2830,2024-09-03T12:25:55.052+0100,9.122,-3.638,2.628
2830,2024-09-03T12:25:55.187+0100,8.278,-3.686,4.706
2830,2024-09-03T12:25:55.319+0100,8.984,-3.298,1.487
2830,2024-09-03T12:25:55.457+0100,9.364,-3.299,1.809
2830,2024-09-03T12:25:55.587+0100,9.035,-3.368,0.97
2830,2024-09-03T12:25:55.722+0100,8.837,-3.477,1.158
2830,2024-09-03T12:25:55.856+0100,8.61,-3.629,2.302
2830,2024-09-03T12:25:55.985+0100,8.604,-3.608,2.36
2830,2024-09-03T12:25:56.119+0100,9.12,-3.331,1.021
2830,2024-09-03T12:25:56.252+0100,9.029,-3.264,2.759
2830,2024-09-03T12:25:56.384+0100,9.251,-3.116,2.672
2830,2024-09-03T12:25:56.518+0100,9.544,-3.133,1.321
2830,2024-09-03T12:25:56.653+0100,9.144,-3.412,0.042
2830,2024-09-03T12:25:56.786+0100,9.302,-3.232,1.429
2830,2024-09-03T12:25:56.916+0100,9.468,-3.04,1.822
2830,2024-09-03T12:25:57.051+0100,8.483,-3.253,1.353
2830,2024-09-03T12:25:57.182+0100,8.928,-3.869,1.767
2830,2024-09-03T12:25:57.317+0100,8.992,-3.597,0.196
2830,2024-09-03T12:25:57.452+0100,8.956,-3.66,0.759
2830,2024-09-03T12:25:57.586+0100,8.439,-4.134,2.286
2830,2024-09-03T12:25:57.717+0100,8.569,-3.922,1.317
2830,2024-09-03T12:25:57.851+0100,9.196,-3.825,0.84
2830,2024-09-03T12:25:58.054+0100,9.352,-3.812,0.565
2830,2024-09-03T12:25:58.114+0100,8.908,-3.887,0.669
2830,2024-09-03T12:25:58.250+0100,9.466,-3.939,0.721
2830,2024-09-03T12:25:58.422+0100,8.697,-4.085,1.038
2830,2024-09-03T12:25:58.513+0100,8.118,-3.936,2.43
2830,2024-09-03T12:25:58.650+0100,9.351,-4.027,1.1
2830,2024-09-03T12:25:58.780+0100,9.357,-4.394,0.834
2830,2024-09-03T12:25:58.912+0100,8.691,-4.011,1.339
2830,2024-09-03T12:25:59.048+0100,8.968,-3.675,1.35
2830,2024-09-03T12:25:59.239+0100,8.382,-3.979,1.42
2830,2024-09-03T12:25:59.312+0100,9.209,-4.588,0.977
2830,2024-09-03T12:25:59.446+0100,8.415,-3.995,1.877
2830,2024-09-03T12:25:59.579+0100,8.599,-3.276,0.97
2830,2024-09-03T12:25:59.711+0100,9.437,-3.586,0.325
2830,2024-09-03T12:25:59.845+0100,8.784,-3.647,0.386
2830,2024-09-03T12:25:59.976+0100,9.54,-3.236,1.043
2830,2024-09-03T12:26:00.111+0100,10.226,-3.055,-0.418
2830,2024-09-03T12:26:00.245+0100,9.872,-3.126,-1.016
2830,2024-09-03T12:26:00.380+0100,9.112,-2.834,0.917
2830,2024-09-03T12:26:00.512+0100,8.902,-2.505,1.502
2830,2024-09-03T12:26:00.646+0100,9.982,-2.538,1.648
2830,2024-09-03T12:26:00.780+0100,9.467,-2.85,2.001
2830,2024-09-03T12:26:00.908+0100,9.607,-2.472,0.623
2830,2024-09-03T12:26:01.043+0100,8.388,-2.86,4.037
2830,2024-09-03T12:26:01.178+0100,8.322,-3.011,4.033
2830,2024-09-03T12:26:01.310+0100,8.967,-2.413,3.787
2830,2024-09-03T12:26:01.448+0100,10.114,-2.061,0.083
2830,2024-09-03T12:26:01.583+0100,9.284,-2.492,1.988
2830,2024-09-03T12:26:01.710+0100,8.121,-2.429,3.289
2830,2024-09-03T12:26:01.843+0100,8.323,-2.696,3.382
2830,2024-09-03T12:26:01.975+0100,9.8,-2.281,1.959
2830,2024-09-03T12:26:02.109+0100,10.286,-1.749,-0.121
2830,2024-09-03T12:26:02.242+0100,10.552,-1.893,1.911
2830,2024-09-03T12:26:02.378+0100,9.383,-2.0,1.604
2830,2024-09-03T12:26:02.509+0100,9.906,-1.191,2.265
2830,2024-09-03T12:26:02.563+0100,8.328,-1.768,0.486
2830,2024-09-03T12:26:02.582+0100,7.181,-1.839,2.53
2830,2024-09-03T12:26:02.598+0100,9.042,-1.241,2.459
2830,2024-09-03T12:26:02.610+0100,10.564,-0.681,2.946
2830,2024-09-03T12:26:02.624+0100,11.04,-0.833,1.586
2830,2024-09-03T12:26:02.639+0100,10.526,-1.701,0.917
2830,2024-09-03T12:26:02.659+0100,9.267,-2.0,2.265
2830,2024-09-03T12:26:02.674+0100,8.777,-1.786,3.434
2830,2024-09-03T12:26:02.688+0100,8.289,-1.732,4.116
2830,2024-09-03T12:26:02.722+0100,11.691,0.077,2.661
2830,2024-09-03T12:26:02.738+0100,12.151,0.012,-0.47
2830,2024-09-03T12:26:02.754+0100,11.833,-0.042,-2.935
2830,2024-09-03T12:26:02.771+0100,10.758,-0.51,-1.808
2830,2024-09-03T12:26:02.788+0100,9.371,-1.414,1.46
2830,2024-09-03T12:26:02.804+0100,9.43,-1.547,4.909
2830,2024-09-03T12:26:02.821+0100,10.809,-0.099,7.274
2830,2024-09-03T12:26:02.838+0100,11.425,0.685,4.957
2830,2024-09-03T12:26:02.855+0100,11.208,1.325,-0.033
2830,2024-09-03T12:26:02.872+0100,11.026,1.917,-3.999
2830,2024-09-03T12:26:02.888+0100,11.113,1.736,-5.08
2830,2024-09-03T12:26:02.905+0100,10.114,1.219,-4.397
2830,2024-09-03T12:26:02.921+0100,8.422,0.483,-2.224
2830,2024-09-03T12:26:02.939+0100,6.736,0.605,0.645
2830,2024-09-03T12:26:02.954+0100,7.589,1.338,2.422
2830,2024-09-03T12:26:02.971+0100,10.506,2.454,3.196
2830,2024-09-03T12:26:02.987+0100,11.455,3.024,1.906
2830,2024-09-03T12:26:03.005+0100,10.256,3.303,-0.266
2830,2024-09-03T12:26:03.021+0100,9.063,3.36,-1.568
2830,2024-09-03T12:26:03.039+0100,8.145,2.94,-2.27
2830,2024-09-03T12:26:03.055+0100,7.189,2.536,-2.219
2830,2024-09-03T12:26:03.071+0100,6.201,2.148,-1.326
2830,2024-09-03T12:26:03.087+0100,5.582,1.906,1.164
2830,2024-09-03T12:26:03.105+0100,7.787,1.813,3.233
2830,2024-09-03T12:26:03.121+0100,9.078,2.345,5.486
2830,2024-09-03T12:26:03.138+0100,9.056,1.809,3.791
2830,2024-09-03T12:26:03.154+0100,8.733,1.559,1.664
2830,2024-09-03T12:26:03.171+0100,9.502,2.017,-0.536
2830,2024-09-03T12:26:03.187+0100,10.26,2.432,-2.221
2830,2024-09-03T12:26:03.204+0100,10.8,2.574,-1.784
2830,2024-09-03T12:26:03.221+0100,10.339,2.207,0.191
2830,2024-09-03T12:26:03.237+0100,10.394,1.846,2.335
2830,2024-09-03T12:26:03.254+0100,9.149,2.681,4.801
2830,2024-09-03T12:26:03.271+0100,9.587,2.728,3.677
2830,2024-09-03T12:26:03.287+0100,11.098,2.623,0.942
2830,2024-09-03T12:26:03.304+0100,11.392,2.01,-0.794
2830,2024-09-03T12:26:03.321+0100,10.544,2.186,0.283
2830,2024-09-03T12:26:03.337+0100,9.782,1.561,2.051
2830,2024-09-03T12:26:03.354+0100,9.242,2.388,5.08
2830,2024-09-03T12:26:03.370+0100,10.147,3.439,4.331
2830,2024-09-03T12:26:03.387+0100,12.266,3.322,0.196
2830,2024-09-03T12:26:03.404+0100,12.994,2.648,-2.844
2830,2024-09-03T12:26:03.420+0100,11.204,2.298,-2.226
2830,2024-09-03T12:26:03.437+0100,9.08,1.929,-0.246
2830,2024-09-03T12:26:03.454+0100,7.741,2.094,2.457
2830,2024-09-03T12:26:03.473+0100,8.435,3.237,3.622
2830,2024-09-03T12:26:03.487+0100,10.315,3.662,2.474
2830,2024-09-03T12:26:03.504+0100,11.779,4.031,1.397
2830,2024-09-03T12:26:03.521+0100,11.116,3.889,1.07
2830,2024-09-03T12:26:03.537+0100,9.52,3.58,1.846
2830,2024-09-03T12:26:03.554+0100,8.691,3.555,2.648
2830,2024-09-03T12:26:03.570+0100,8.943,3.721,1.839
2830,2024-09-03T12:26:03.587+0100,9.755,4.186,0.306
2830,2024-09-03T12:26:03.603+0100,10.03,4.052,-1.15
2830,2024-09-03T12:26:03.620+0100,9.564,3.65,-1.173
2830,2024-09-03T12:26:03.637+0100,7.976,2.917,1.137
2830,2024-09-03T12:26:03.653+0100,7.008,3.299,4.994
2830,2024-09-03T12:26:03.670+0100,8.055,4.027,5.472
2830,2024-09-03T12:26:03.687+0100,9.085,4.326,3.906
2830,2024-09-03T12:26:03.704+0100,8.451,4.007,2.795
2830,2024-09-03T12:26:03.721+0100,7.225,3.792,3.021
2830,2024-09-03T12:26:03.737+0100,6.824,3.704,3.544
2830,2024-09-03T12:26:03.754+0100,7.31,3.877,3.259
2830,2024-09-03T12:26:03.770+0100,7.903,3.922,2.416
2830,2024-09-03T12:26:03.788+0100,7.493,3.754,2.565
2830,2024-09-03T12:26:03.803+0100,6.725,3.936,3.945
2830,2024-09-03T12:26:03.821+0100,6.325,3.912,4.848
2830,2024-09-03T12:26:03.837+0100,6.227,3.968,4.738
2830,2024-09-03T12:26:03.854+0100,6.459,3.895,4.175
2830,2024-09-03T12:26:03.870+0100,6.222,3.899,3.946
2830,2024-09-03T12:26:03.887+0100,6.103,4.238,4.56
2830,2024-09-03T12:26:03.904+0100,6.389,4.342,4.198
2830,2024-09-03T12:26:03.921+0100,6.779,4.618,2.908
2830,2024-09-03T12:26:03.938+0100,6.868,4.601,1.814
2830,2024-09-03T12:26:03.954+0100,6.444,4.08,2.243
2830,2024-09-03T12:26:03.970+0100,5.809,4.352,5.07
2830,2024-09-03T12:26:03.987+0100,6.473,4.869,5.997
2830,2024-09-03T12:26:04.003+0100,7.668,4.903,3.751
2830,2024-09-03T12:26:04.020+0100,7.825,5.012,0.886
2830,2024-09-03T12:26:04.037+0100,7.181,4.904,0.142
2830,2024-09-03T12:26:04.053+0100,6.846,4.71,1.345
2830,2024-09-03T12:26:04.070+0100,6.321,4.686,4.494
2830,2024-09-03T12:26:04.087+0100,5.823,5.431,7.926
2830,2024-09-03T12:26:04.103+0100,7.376,5.27,7.656
2830,2024-09-03T12:26:04.120+0100,8.391,5.219,4.402
2830,2024-09-03T12:26:04.137+0100,8.367,5.57,1.666
2830,2024-09-03T12:26:04.153+0100,7.889,5.561,1.693
2830,2024-09-03T12:26:04.170+0100,7.526,5.865,3.246
2830,2024-09-03T12:26:04.186+0100,6.663,6.237,4.954
2830,2024-09-03T12:26:04.204+0100,7.07,6.173,5.356
2830,2024-09-03T12:26:04.219+0100,8.515,6.121,4.33
2830,2024-09-03T12:26:04.236+0100,8.305,5.897,3.029
2830,2024-09-03T12:26:04.253+0100,6.87,5.898,3.137
2830,2024-09-03T12:26:04.270+0100,6.297,5.757,4.656
2830,2024-09-03T12:26:04.286+0100,6.081,6.007,6.505
2830,2024-09-03T12:26:04.303+0100,6.324,5.978,7.004
2830,2024-09-03T12:26:04.320+0100,6.538,5.723,6.285
2830,2024-09-03T12:26:04.336+0100,6.26,5.755,5.503
2830,2024-09-03T12:26:04.353+0100,6.074,5.608,5.048
2830,2024-09-03T12:26:04.370+0100,5.598,5.587,5.207
2830,2024-09-03T12:26:04.386+0100,5.194,5.65,5.627
2830,2024-09-03T12:26:04.404+0100,5.557,5.619,5.562
2830,2024-09-03T12:26:04.419+0100,5.908,5.405,5.4
2830,2024-09-03T12:26:04.436+0100,5.709,5.262,5.406
2830,2024-09-03T12:26:04.452+0100,5.162,5.228,5.835
2830,2024-09-03T12:26:04.469+0100,5.191,5.317,6.106
2830,2024-09-03T12:26:04.486+0100,5.271,5.479,5.678
2830,2024-09-03T12:26:04.638+0100,4.973,5.789,5.496
2830,2024-09-03T12:26:04.772+0100,4.683,5.612,6.059
2830,2024-09-03T12:26:04.905+0100,3.924,5.411,6.901
2830,2024-09-03T12:26:05.037+0100,3.806,5.452,8.158
2830,2024-09-03T12:26:05.176+0100,2.439,5.122,8.031
2830,2024-09-03T12:26:05.302+0100,1.003,4.357,8.261
2830,2024-09-03T12:26:05.437+0100,0.592,4.029,8.969
2830,2024-09-03T12:26:05.571+0100,0.966,3.97,9.259
2830,2024-09-03T12:26:05.703+0100,1.06,4.111,8.809
2830,2024-09-03T12:26:05.837+0100,1.021,4.018,8.472
2830,2024-09-03T12:26:05.968+0100,1.091,3.647,8.771
2830,2024-09-03T12:26:06.102+0100,1.333,3.782,8.9
2830,2024-09-03T12:26:06.234+0100,1.0,4.162,8.455
2830,2024-09-03T12:26:06.371+0100,0.793,4.21,8.756
2830,2024-09-03T12:26:06.503+0100,0.736,4.067,8.85
2830,2024-09-03T12:26:06.637+0100,0.56,4.08,8.984
2830,2024-09-03T12:26:06.769+0100,0.348,3.997,8.859
2830,2024-09-03T12:26:06.901+0100,0.522,4.021,8.87
2830,2024-09-03T12:26:07.035+0100,0.098,4.01,8.472
2830,2024-09-03T12:26:07.167+0100,0.443,3.622,9.904
2830,2024-09-03T12:26:07.300+0100,0.141,3.897,8.941
2830,2024-09-03T12:26:07.436+0100,0.424,3.495,9.253
2830,2024-09-03T12:26:07.568+0100,0.463,3.863,8.838
2830,2024-09-03T12:26:07.701+0100,0.407,3.814,9.026
2830,2024-09-03T12:26:07.836+0100,0.193,3.464,9.597
2830,2024-09-03T12:26:08.040+0100,0.593,3.66,8.946
2830,2024-09-03T12:26:08.113+0100,0.684,3.35,9.151
2830,2024-09-03T12:26:08.232+0100,0.395,3.564,9.468
2830,2024-09-03T12:26:08.366+0100,0.677,3.611,9.396
2830,2024-09-03T12:26:08.501+0100,0.517,3.54,9.045
2830,2024-09-03T12:26:08.633+0100,0.349,3.472,9.051
2830,2024-09-03T12:26:08.768+0100,0.374,3.511,9.105
2830,2024-09-03T12:26:08.899+0100,0.284,3.492,9.176
2830,2024-09-03T12:26:09.102+0100,0.255,3.386,9.133
2830,2024-09-03T12:26:09.163+0100,0.249,3.41,9.162
2830,2024-09-03T12:26:09.299+0100,0.234,3.361,9.137
2830,2024-09-03T12:26:09.431+0100,0.261,3.412,9.095
2830,2024-09-03T12:26:09.568+0100,0.411,3.443,9.217
2830,2024-09-03T12:26:09.701+0100,0.501,3.548,9.122
2830,2024-09-03T12:26:09.832+0100,0.426,3.345,9.314
2830,2024-09-03T12:26:09.963+0100,0.368,3.345,9.207
2830,2024-09-03T12:26:10.098+0100,0.653,3.416,9.548
2830,2024-09-03T12:26:10.230+0100,0.506,3.529,8.951
2830,2024-09-03T12:26:10.366+0100,0.452,3.285,9.279
2830,2024-09-03T12:26:10.499+0100,0.635,3.536,9.233
2830,2024-09-03T12:26:10.631+0100,0.583,3.518,9.095
2830,2024-09-03T12:26:10.763+0100,0.531,3.482,9.287
2830,2024-09-03T12:26:10.904+0100,0.485,3.458,9.017
2830,2024-09-03T12:26:11.028+0100,0.403,3.409,9.223
2830,2024-09-03T12:26:11.161+0100,0.493,3.508,9.189
2830,2024-09-03T12:26:11.299+0100,0.383,3.365,9.209
2830,2024-09-03T12:26:11.430+0100,0.436,3.383,9.236
2830,2024-09-03T12:26:11.563+0100,0.443,3.426,9.169
2830,2024-09-03T12:26:11.699+0100,0.438,3.377,9.194
2830,2024-09-03T12:26:11.890+0100,0.345,3.325,9.248
2830,2024-09-03T12:26:11.961+0100,0.358,3.353,9.176
2830,2024-09-03T12:26:12.096+0100,0.318,3.329,9.106
2830,2024-09-03T12:26:12.225+0100,0.19,3.306,9.058
2830,2024-09-03T12:26:12.441+0100,0.119,3.412,9.677
2830,2024-09-03T12:26:12.492+0100,0.329,3.603,9.169
2830,2024-09-03T12:26:12.643+0100,0.966,3.673,10.319
2830,2024-09-03T12:26:12.776+0100,0.877,4.374,8.481
2830,2024-09-03T12:26:12.908+0100,1.012,4.438,7.621
2830,2024-09-03T12:26:13.042+0100,1.101,4.842,8.157
2830,2024-09-03T12:26:13.174+0100,3.912,5.277,6.434
2830,2024-09-03T12:26:13.310+0100,6.019,5.168,6.79
2830,2024-09-03T12:26:13.482+0100,7.095,5.004,5.065
2830,2024-09-03T12:26:13.575+0100,7.394,4.718,3.904
2830,2024-09-03T12:26:13.711+0100,7.843,4.528,4.053
2830,2024-09-03T12:26:13.842+0100,8.441,4.135,3.246
2830,2024-09-03T12:26:13.975+0100,7.898,3.914,3.056
2830,2024-09-03T12:26:14.108+0100,9.18,3.811,3.708
2830,2024-09-03T12:26:14.240+0100,8.654,3.659,2.586
2830,2024-09-03T12:26:14.374+0100,7.942,3.462,4.344
2830,2024-09-03T12:26:14.509+0100,8.989,3.498,3.032
2830,2024-09-03T12:26:14.644+0100,9.367,3.481,1.163
2830,2024-09-03T12:26:14.774+0100,8.805,3.236,1.759
2830,2024-09-03T12:26:14.937+0100,8.86,3.474,2.676
2830,2024-09-03T12:26:15.038+0100,9.462,3.258,2.133
2830,2024-09-03T12:26:15.172+0100,8.713,2.976,1.555
2830,2024-09-03T12:26:15.308+0100,9.087,3.059,1.932
2830,2024-09-03T12:26:15.440+0100,8.933,2.83,2.218
2830,2024-09-03T12:26:15.574+0100,9.151,2.55,3.007
2830,2024-09-03T12:26:15.708+0100,9.174,2.557,1.299
2830,2024-09-03T12:26:15.844+0100,9.291,2.603,0.977
2830,2024-09-03T12:26:15.971+0100,9.056,2.274,2.527
2830,2024-09-03T12:26:16.164+0100,9.011,2.296,1.741
2830,2024-09-03T12:26:16.238+0100,9.777,2.553,0.224
2830,2024-09-03T12:26:16.371+0100,10.822,2.192,-0.899
2830,2024-09-03T12:26:16.504+0100,9.623,2.025,0.173
2830,2024-09-03T12:26:16.640+0100,8.673,1.896,0.869
2830,2024-09-03T12:26:16.773+0100,8.374,1.759,2.367
2830,2024-09-03T12:26:16.906+0100,8.713,1.817,3.053
2830,2024-09-03T12:26:17.037+0100,9.586,1.948,1.772
2830,2024-09-03T12:26:17.172+0100,10.244,2.045,0.039
2830,2024-09-03T12:26:17.308+0100,9.999,1.896,-0.966
2830,2024-09-03T12:26:17.436+0100,9.5,1.619,0.778
2830,2024-09-03T12:26:17.572+0100,8.895,1.713,1.657
2830,2024-09-03T12:26:17.704+0100,9.851,1.843,1.023
2830,2024-09-03T12:26:17.837+0100,9.958,1.811,0.126
2830,2024-09-03T12:26:17.969+0100,9.501,1.493,1.286
2830,2024-09-03T12:26:18.102+0100,9.46,1.587,1.329
2830,2024-09-03T12:26:18.235+0100,9.756,1.568,1.381
2830,2024-09-03T12:26:18.370+0100,9.412,1.275,0.58
2830,2024-09-03T12:26:18.503+0100,9.107,1.318,1.834
2830,2024-09-03T12:26:18.642+0100,9.437,1.454,1.694
2830,2024-09-03T12:26:18.771+0100,9.903,1.45,0.61
2830,2024-09-03T12:26:18.902+0100,9.836,1.256,0.727
2830,2024-09-03T12:26:19.063+0100,9.538,0.976,1.787
2830,2024-09-03T12:26:19.166+0100,8.977,0.816,2.073
2830,2024-09-03T12:26:19.301+0100,8.666,0.516,2.007
2830,2024-09-03T12:26:19.436+0100,9.89,0.616,1.805
2830,2024-09-03T12:26:19.566+0100,10.32,0.473,2.032
2830,2024-09-03T12:26:19.701+0100,8.795,0.244,3.072
2830,2024-09-03T12:26:19.836+0100,9.318,0.515,2.011
2830,2024-09-03T12:26:19.966+0100,9.794,0.765,0.212
2830,2024-09-03T12:26:20.166+0100,9.281,0.444,1.684
2830,2024-09-03T12:26:20.231+0100,9.54,0.401,1.869
2830,2024-09-03T12:26:20.365+0100,10.663,0.004,1.498
2830,2024-09-03T12:26:20.498+0100,8.745,-0.037,4.234
2830,2024-09-03T12:26:20.634+0100,9.538,-0.269,3.654
2830,2024-09-03T12:26:20.768+0100,9.011,-0.854,2.721
2830,2024-09-03T12:26:20.900+0100,10.012,-0.485,1.557
2830,2024-09-03T12:26:21.030+0100,9.656,-0.859,2.027
2830,2024-09-03T12:26:21.165+0100,9.267,-1.032,2.39
2830,2024-09-03T12:26:21.298+0100,9.276,-1.253,2.186
2830,2024-09-03T12:26:21.433+0100,9.203,-2.108,2.559
2830,2024-09-03T12:26:21.565+0100,8.153,-2.955,3.752
2830,2024-09-03T12:26:21.700+0100,9.153,-2.634,3.095
2830,2024-09-03T12:26:21.833+0100,10.126,-1.849,0.791
2830,2024-09-03T12:26:21.962+0100,9.158,-2.264,2.247
2830,2024-09-03T12:26:22.096+0100,8.41,-2.188,3.207
2830,2024-09-03T12:26:22.231+0100,9.196,-1.982,1.849
2830,2024-09-03T12:26:22.364+0100,9.681,-2.119,2.25
2830,2024-09-03T12:26:22.499+0100,9.409,-2.113,1.519
2830,2024-09-03T12:26:22.631+0100,8.56,-2.364,2.707
2830,2024-09-03T12:26:22.767+0100,9.105,-2.582,2.488
2830,2024-09-03T12:26:22.896+0100,9.989,-2.53,2.155
2830,2024-09-03T12:26:23.030+0100,8.662,-2.721,1.502
2830,2024-09-03T12:26:23.162+0100,10.014,-2.435,1.527
2830,2024-09-03T12:26:23.296+0100,9.522,-2.639,1.972
2830,2024-09-03T12:26:23.431+0100,9.019,-2.915,2.559
2830,2024-09-03T12:26:23.563+0100,7.959,-3.013,3.931
2830,2024-09-03T12:26:23.694+0100,8.993,-3.264,3.683
2830,2024-09-03T12:26:23.850+0100,8.949,-2.79,3.186
2830,2024-09-03T12:26:23.960+0100,8.473,-3.297,2.493
2830,2024-09-03T12:26:24.094+0100,8.825,-3.669,3.61
2830,2024-09-03T12:26:24.229+0100,6.985,-3.861,5.036
2830,2024-09-03T12:26:24.361+0100,9.193,-3.319,2.885
2830,2024-09-03T12:26:24.497+0100,8.597,-3.783,3.531
2830,2024-09-03T12:26:24.628+0100,8.38,-4.092,2.795
2830,2024-09-03T12:26:24.763+0100,8.329,-4.216,2.861
2830,2024-09-03T12:26:24.896+0100,8.722,-4.03,3.08
2830,2024-09-03T12:26:25.025+0100,9.078,-3.735,1.627
2830,2024-09-03T12:26:25.160+0100,8.251,-4.265,1.709
2830,2024-09-03T12:26:25.294+0100,7.774,-4.251,3.585
2830,2024-09-03T12:26:25.426+0100,8.436,-3.686,2.101
2830,2024-09-03T12:26:25.562+0100,8.856,-4.253,2.179
2830,2024-09-03T12:26:25.694+0100,8.694,-3.943,1.53
2830,2024-09-03T12:26:25.828+0100,8.672,-3.911,3.417
2830,2024-09-03T12:26:25.958+0100,9.284,-3.881,1.957
2830,2024-09-03T12:26:26.093+0100,8.01,-4.0,2.666
2830,2024-09-03T12:26:26.225+0100,8.1,-4.062,2.908
2830,2024-09-03T12:26:26.358+0100,8.186,-4.105,2.654
2830,2024-09-03T12:26:26.493+0100,8.215,-4.07,2.443
2830,2024-09-03T12:26:26.625+0100,8.419,-4.026,2.928
2830,2024-09-03T12:26:26.760+0100,8.825,-3.902,2.082
2830,2024-09-03T12:26:26.895+0100,9.502,-3.699,1.333
2830,2024-09-03T12:26:27.023+0100,9.159,-3.778,0.635
2830,2024-09-03T12:26:27.158+0100,8.909,-4.068,1.046
2830,2024-09-03T12:26:27.291+0100,8.938,-4.275,2.197
2830,2024-09-03T12:26:27.424+0100,7.997,-4.494,2.701
2830,2024-09-03T12:26:27.556+0100,7.604,-4.859,1.884
2830,2024-09-03T12:26:27.691+0100,8.914,-4.326,1.017
2830,2024-09-03T12:26:27.823+0100,8.244,-4.485,3.482
2830,2024-09-03T12:26:28.052+0100,7.68,-4.53,2.369
2830,2024-09-03T12:26:28.086+0100,9.179,-4.372,0.521
2830,2024-09-03T12:26:28.222+0100,8.573,-4.543,2.319
2830,2024-09-03T12:26:28.422+0100,8.916,-4.272,2.067
2830,2024-09-03T12:26:28.488+0100,9.214,-4.052,0.51
2830,2024-09-03T12:26:28.621+0100,8.59,-4.371,1.47
2830,2024-09-03T12:26:28.755+0100,8.194,-4.458,1.491
2830,2024-09-03T12:26:28.889+0100,7.638,-4.385,1.525
2830,2024-09-03T12:26:29.020+0100,8.764,-4.173,1.869
2830,2024-09-03T12:26:29.242+0100,8.63,-3.943,1.28
2830,2024-09-03T12:26:29.284+0100,8.935,-3.951,1.333
2830,2024-09-03T12:26:29.420+0100,8.128,-4.269,3.105
2830,2024-09-03T12:26:29.553+0100,8.026,-4.384,1.96
2830,2024-09-03T12:26:29.690+0100,8.523,-4.418,1.208
2830,2024-09-03T12:26:29.819+0100,8.658,-4.192,1.783
2830,2024-09-03T12:26:29.952+0100,8.559,-4.385,1.967
2830,2024-09-03T12:26:30.088+0100,8.523,-4.438,1.165
2830,2024-09-03T12:26:30.218+0100,8.922,-4.582,0.952
2830,2024-09-03T12:26:30.353+0100,9.001,-4.421,0.691
2830,2024-09-03T12:26:30.486+0100,8.885,-4.33,0.928
2830,2024-09-03T12:26:30.619+0100,8.11,-4.3,1.72
2830,2024-09-03T12:26:30.753+0100,8.526,-4.376,1.574
2830,2024-09-03T12:26:30.887+0100,8.6,-4.305,1.391
2830,2024-09-03T12:26:31.017+0100,8.458,-4.146,1.874
2830,2024-09-03T12:26:31.152+0100,8.471,-3.999,1.594
2830,2024-09-03T12:26:31.285+0100,8.865,-4.245,1.51
2830,2024-09-03T12:26:31.418+0100,8.968,-4.461,1.917
2830,2024-09-03T12:26:31.550+0100,8.516,-4.21,2.344
2830,2024-09-03T12:26:31.683+0100,8.925,-3.654,1.172
2830,2024-09-03T12:26:31.817+0100,9.559,-3.37,0.442
2830,2024-09-03T12:26:31.948+0100,8.855,-3.689,1.743
2830,2024-09-03T12:26:32.086+0100,8.828,-3.681,1.086
2830,2024-09-03T12:26:32.217+0100,8.639,-3.802,2.313
2830,2024-09-03T12:26:32.350+0100,9.016,-3.788,1.145
2830,2024-09-03T12:26:32.482+0100,8.596,-3.908,2.516
2830,2024-09-03T12:26:32.618+0100,9.215,-3.82,1.688
2830,2024-09-03T12:26:32.748+0100,9.139,-3.638,0.802
2830,2024-09-03T12:26:32.883+0100,8.492,-3.759,1.89
2830,2024-09-03T12:26:33.015+0100,8.977,-3.428,2.627
2830,2024-09-03T12:26:33.149+0100,9.355,-3.098,1.448
2830,2024-09-03T12:26:33.284+0100,8.843,-3.166,1.073
2830,2024-09-03T12:26:33.419+0100,8.287,-3.537,3.099
2830,2024-09-03T12:26:33.557+0100,9.642,-3.2,1.351
2830,2024-09-03T12:26:33.684+0100,8.817,-2.683,3.254
2830,2024-09-03T12:26:33.823+0100,9.036,-2.337,1.694
2830,2024-09-03T12:26:33.946+0100,9.42,-2.595,0.937
2830,2024-09-03T12:26:34.081+0100,9.123,-2.766,1.786
2830,2024-09-03T12:26:34.220+0100,8.318,-2.486,2.742
2830,2024-09-03T12:26:34.232+0100,10.138,-1.822,3.021
2830,2024-09-03T12:26:34.247+0100,11.625,-1.851,0.409
2830,2024-09-03T12:26:34.263+0100,10.644,-1.801,-0.455
2830,2024-09-03T12:26:34.279+0100,9.26,-2.343,-0.081
2830,2024-09-03T12:26:34.298+0100,8.155,-2.792,2.263
2830,2024-09-03T12:26:34.313+0100,8.012,-2.195,4.013
2830,2024-09-03T12:26:34.331+0100,9.577,-1.634,2.468
2830,2024-09-03T12:26:34.345+0100,11.075,-1.736,0.727
2830,2024-09-03T12:26:34.360+0100,10.219,-1.796,-0.002
2830,2024-09-03T12:26:34.390+0100,8.059,-2.773,2.626
2830,2024-09-03T12:26:34.405+0100,7.747,-2.375,4.367
2830,2024-09-03T12:26:34.422+0100,8.739,-1.745,3.506
2830,2024-09-03T12:26:34.439+0100,10.711,-1.429,1.321
2830,2024-09-03T12:26:34.455+0100,11.123,-1.518,0.134
2830,2024-09-03T12:26:34.472+0100,9.646,-1.672,0.601
2830,2024-09-03T12:26:34.489+0100,8.439,-2.195,2.002
2830,2024-09-03T12:26:34.506+0100,8.312,-1.969,3.132
2830,2024-09-03T12:26:34.522+0100,9.135,-1.634,2.44
2830,2024-09-03T12:26:34.539+0100,10.18,-1.469,1.204
2830,2024-09-03T12:26:34.555+0100,10.513,-1.411,0.847
2830,2024-09-03T12:26:34.572+0100,9.738,-1.605,1.117
2830,2024-09-03T12:26:34.592+0100,8.912,-2.072,2.272
2830,2024-09-03T12:26:34.605+0100,8.497,-1.886,4.461
2830,2024-09-03T12:26:34.622+0100,9.236,-1.517,4.336
2830,2024-09-03T12:26:34.638+0100,10.577,-1.196,2.419
2830,2024-09-03T12:26:34.655+0100,10.935,-0.971,0.908
2830,2024-09-03T12:26:34.672+0100,10.282,-1.144,0.813
2830,2024-09-03T12:26:34.688+0100,9.279,-1.637,2.048
2830,2024-09-03T12:26:34.705+0100,8.556,-1.511,3.648
2830,2024-09-03T12:26:34.721+0100,8.83,-1.351,2.773
2830,2024-09-03T12:26:34.738+0100,9.927,-1.021,1.18
2830,2024-09-03T12:26:34.755+0100,10.391,-0.831,0.22
2830,2024-09-03T12:26:34.771+0100,9.748,-1.217,0.51
2830,2024-09-03T12:26:34.788+0100,8.6,-1.786,1.807
2830,2024-09-03T12:26:34.805+0100,7.592,-1.793,4.412
2830,2024-09-03T12:26:34.822+0100,8.304,-1.25,4.028
2830,2024-09-03T12:26:34.838+0100,10.105,-0.943,1.156
2830,2024-09-03T12:26:34.855+0100,11.075,-0.702,-0.684
2830,2024-09-03T12:26:34.872+0100,10.731,-1.111,-0.648
2830,2024-09-03T12:26:34.888+0100,8.932,-1.884,1.671
2830,2024-09-03T12:26:34.904+0100,7.432,-1.59,5.3
2830,2024-09-03T12:26:34.921+0100,8.355,-1.08,5.243
2830,2024-09-03T12:26:34.938+0100,10.446,-0.848,1.672
2830,2024-09-03T12:26:34.954+0100,11.693,-0.614,-1.027
2830,2024-09-03T12:26:34.971+0100,10.827,-0.729,-0.602
2830,2024-09-03T12:26:34.988+0100,9.209,-1.196,1.329
2830,2024-09-03T12:26:35.004+0100,7.86,-1.414,3.397
2830,2024-09-03T12:26:35.022+0100,7.752,-1.226,4.568
2830,2024-09-03T12:26:35.038+0100,9.125,-0.902,2.868
2830,2024-09-03T12:26:35.055+0100,10.563,-0.594,0.456
2830,2024-09-03T12:26:35.071+0100,10.326,-0.504,0.057
2830,2024-09-03T12:26:35.088+0100,9.706,-0.896,1.165
2830,2024-09-03T12:26:35.105+0100,8.392,-1.527,3.675
2830,2024-09-03T12:26:35.121+0100,7.497,-1.108,6.488
2830,2024-09-03T12:26:35.138+0100,8.422,-0.849,5.802
2830,2024-09-03T12:26:35.154+0100,10.428,-0.609,2.691
2830,2024-09-03T12:26:35.171+0100,10.881,-0.203,0.319
2830,2024-09-03T12:26:35.187+0100,10.235,-0.342,0.181
2830,2024-09-03T12:26:35.204+0100,9.321,-0.724,1.409
2830,2024-09-03T12:26:35.221+0100,8.631,-0.694,3.176
2830,2024-09-03T12:26:35.237+0100,8.974,-0.546,3.781
2830,2024-09-03T12:26:35.254+0100,10.63,-0.242,2.443
2830,2024-09-03T12:26:35.271+0100,11.142,-0.169,1.04
2830,2024-09-03T12:26:35.287+0100,10.725,-0.029,0.971
2830,2024-09-03T12:26:35.304+0100,10.388,-0.404,1.993
2830,2024-09-03T12:26:35.321+0100,10.028,-0.261,2.895
2830,2024-09-03T12:26:35.337+0100,10.512,-0.252,2.813
2830,2024-09-03T12:26:35.355+0100,11.472,0.023,2.13
2830,2024-09-03T12:26:35.371+0100,11.642,0.049,1.601
2830,2024-09-03T12:26:35.388+0100,10.788,-0.1,1.732
2830,2024-09-03T12:26:35.405+0100,9.718,-0.523,2.976
2830,2024-09-03T12:26:35.423+0100,9.19,-0.388,4.314
2830,2024-09-03T12:26:35.438+0100,9.694,-0.289,3.829
2830,2024-09-03T12:26:35.454+0100,10.636,-0.057,2.039
2830,2024-09-03T12:26:35.471+0100,10.638,0.048,1.125
2830,2024-09-03T12:26:35.489+0100,9.971,-0.07,1.662
2830,2024-09-03T12:26:35.505+0100,9.375,-0.204,2.512
2830,2024-09-03T12:26:35.521+0100,9.036,-0.055,3.705
2830,2024-09-03T12:26:35.538+0100,9.145,0.433,4.105
2830,2024-09-03T12:26:35.554+0100,10.52,0.844,2.216
2830,2024-09-03T12:26:35.571+0100,11.353,1.028,-0.016
2830,2024-09-03T12:26:35.587+0100,10.378,1.119,-0.821
2830,2024-09-03T12:26:35.604+0100,8.758,0.494,0.168
2830,2024-09-03T12:26:35.621+0100,7.769,0.494,2.727
2830,2024-09-03T12:26:35.638+0100,8.16,0.866,3.547
2830,2024-09-03T12:26:35.655+0100,9.851,1.351,1.76
2830,2024-09-03T12:26:35.671+0100,11.238,1.895,-0.268
2830,2024-09-03T12:26:35.688+0100,10.596,2.185,-0.754
2830,2024-09-03T12:26:35.704+0100,8.809,1.595,0.603
2830,2024-09-03T12:26:35.721+0100,7.392,1.353,3.004
2830,2024-09-03T12:26:35.737+0100,7.286,1.551,3.989
2830,2024-09-03T12:26:35.755+0100,8.608,1.891,2.761
2830,2024-09-03T12:26:35.771+0100,10.178,2.067,0.218
2830,2024-09-03T12:26:35.787+0100,10.296,2.227,-0.885
2830,2024-09-03T12:26:35.804+0100,9.637,1.89,-0.295
2830,2024-09-03T12:26:35.821+0100,8.663,1.298,2.008
2830,2024-09-03T12:26:35.838+0100,8.308,1.471,3.716
2830,2024-09-03T12:26:35.855+0100,8.956,1.616,3.491
2830,2024-09-03T12:26:35.871+0100,10.619,1.918,1.783
2830,2024-09-03T12:26:35.887+0100,10.86,1.842,0.511
2830,2024-09-03T12:26:35.904+0100,9.495,1.662,0.794
2830,2024-09-03T12:26:35.920+0100,8.393,1.324,2.065
2830,2024-09-03T12:26:35.936+0100,8.623,1.243,2.317
2830,2024-09-03T12:26:35.954+0100,8.887,1.421,2.934
2830,2024-09-03T12:26:35.971+0100,9.546,1.765,3.02
2830,2024-09-03T12:26:35.987+0100,10.266,1.787,2.222
2830,2024-09-03T12:26:36.004+0100,9.93,1.786,1.544
2830,2024-09-03T12:26:36.020+0100,9.046,1.418,2.364
2830,2024-09-03T12:26:36.038+0100,8.212,1.167,4.359
2830,2024-09-03T12:26:36.054+0100,8.755,1.902,4.851
2830,2024-09-03T12:26:36.071+0100,10.884,2.293,2.418
2830,2024-09-03T12:26:36.087+0100,12.074,2.453,0.168
2830,2024-09-03T12:26:36.105+0100,10.661,2.244,0.648
2830,2024-09-03T12:26:36.120+0100,8.643,1.311,2.642
2830,2024-09-03T12:26:36.137+0100,7.247,1.312,5.575
2830,2024-09-03T12:26:36.154+0100,8.606,2.333,5.126
2830,2024-09-03T12:26:36.175+0100,11.133,2.404,2.118
2830,2024-09-03T12:26:36.342+0100,7.394,3.128,6.958
2830,2024-09-03T12:26:36.478+0100,9.31,3.248,1.893
2830,2024-09-03T12:26:36.612+0100,8.389,3.167,3.111
2830,2024-09-03T12:26:36.744+0100,8.478,4.041,3.729
2830,2024-09-03T12:26:36.877+0100,6.933,3.969,5.852
2830,2024-09-03T12:26:37.009+0100,5.646,3.676,7.615
2830,2024-09-03T12:26:37.143+0100,4.827,3.379,7.989
2830,2024-09-03T12:26:37.276+0100,4.488,3.808,7.071
2830,2024-09-03T12:26:37.410+0100,4.027,3.71,7.799
2830,2024-09-03T12:26:37.542+0100,3.123,3.226,8.663
2830,2024-09-03T12:26:37.676+0100,2.752,3.471,8.694
2830,2024-09-03T12:26:37.807+0100,2.409,3.297,9.129
2830,2024-09-03T12:26:37.939+0100,2.244,3.22,8.998
2830,2024-09-03T12:26:38.072+0100,2.167,3.326,9.146
2830,2024-09-03T12:26:38.205+0100,1.614,3.38,9.157
2830,2024-09-03T12:26:38.342+0100,1.32,3.421,9.086
2830,2024-09-03T12:26:38.472+0100,1.189,3.651,8.786
2830,2024-09-03T12:26:38.607+0100,1.004,3.94,8.644
2830,2024-09-03T12:26:38.737+0100,0.611,4.147,7.965
2830,2024-09-03T12:26:38.907+0100,0.55,3.992,8.855
2830,2024-09-03T12:26:39.005+0100,0.705,4.235,8.77
2830,2024-09-03T12:26:39.169+0100,0.612,4.257,8.806
2830,2024-09-03T12:26:39.270+0100,0.684,4.292,8.434
2830,2024-09-03T12:26:39.407+0100,0.89,4.241,8.828
2830,2024-09-03T12:26:39.539+0100,0.857,4.275,8.82
2830,2024-09-03T12:26:39.671+0100,0.796,4.161,8.841
2830,2024-09-03T12:26:39.805+0100,1.085,4.305,8.79
2830,2024-09-03T12:26:39.935+0100,1.088,4.308,8.597
2830,2024-09-03T12:26:40.072+0100,1.129,4.336,8.635
2830,2024-09-03T12:26:40.203+0100,1.116,4.179,8.928
2830,2024-09-03T12:26:40.337+0100,0.951,4.297,8.405
2830,2024-09-03T12:26:40.472+0100,1.219,3.89,8.911
2830,2024-09-03T12:26:40.604+0100,-0.987,3.072,5.955
2830,2024-09-03T12:26:40.736+0100,-1.29,0.799,12.787
2830,2024-09-03T12:26:40.899+0100,0.388,1.779,9.145
2830,2024-09-03T12:26:41.003+0100,3.498,1.996,10.573
2830,2024-09-03T12:26:41.135+0100,1.065,1.85,11.117
2830,2024-09-03T12:26:41.270+0100,0.164,2.01,9.144
2830,2024-09-03T12:26:41.402+0100,0.438,1.914,9.473
2830,2024-09-03T12:26:41.536+0100,1.123,1.799,9.739
2830,2024-09-03T12:26:41.668+0100,1.366,1.877,9.59
2830,2024-09-03T12:26:41.876+0100,1.409,1.963,9.48
2830,2024-09-03T12:26:41.932+0100,1.091,1.882,9.849
2830,2024-09-03T12:26:42.067+0100,1.312,1.978,9.598
2830,2024-09-03T12:26:42.201+0100,0.744,2.104,9.398
2830,2024-09-03T12:26:42.336+0100,0.048,1.952,9.701
2830,2024-09-03T12:26:42.471+0100,0.692,2.322,9.282
2830,2024-09-03T12:26:42.602+0100,0.521,2.288,9.638
2830,2024-09-03T12:26:42.735+0100,0.571,3.052,9.235
2830,2024-09-03T12:26:42.867+0100,0.161,3.23,8.683
2830,2024-09-03T12:26:43.000+0100,-0.403,2.852,9.58
2830,2024-09-03T12:26:43.149+0100,-1.078,3.029,9.236
2830,2024-09-03T12:26:43.265+0100,-0.987,2.536,9.413
2830,2024-09-03T12:26:43.399+0100,-0.367,2.689,9.474
2830,2024-09-03T12:26:43.532+0100,-0.263,2.519,9.988
2830,2024-09-03T12:26:43.666+0100,-0.132,2.884,9.083
2830,2024-09-03T12:26:43.799+0100,-0.273,2.62,9.393
2830,2024-09-03T12:26:43.931+0100,0.184,1.938,10.017
2830,2024-09-03T12:26:44.065+0100,0.426,2.021,9.505
2830,2024-09-03T12:26:44.198+0100,0.472,2.044,9.477
2830,2024-09-03T12:26:44.335+0100,0.398,1.966,9.637
2830,2024-09-03T12:26:44.465+0100,0.574,1.899,9.614
2830,2024-09-03T12:26:44.598+0100,0.495,1.741,9.623
2830,2024-09-03T12:26:44.732+0100,0.345,1.646,9.747
2830,2024-09-03T12:26:44.944+0100,0.445,1.737,9.574
2830,2024-09-03T12:26:45.022+0100,0.279,1.704,9.595
2830,2024-09-03T12:26:45.128+0100,0.427,1.713,9.622
2830,2024-09-03T12:26:45.261+0100,0.316,1.705,9.794
2830,2024-09-03T12:26:45.411+0100,0.257,1.75,9.433
2830,2024-09-03T12:26:45.480+0100,0.472,1.972,9.808
2830,2024-09-03T12:26:45.614+0100,0.549,2.204,9.656
2830,2024-09-03T12:26:45.745+0100,1.02,2.558,9.878
2830,2024-09-03T12:26:45.928+0100,2.486,2.844,9.588
2830,2024-09-03T12:26:46.167+0100,1.036,4.542,9.029
2830,2024-09-03T12:26:46.248+0100,2.87,5.228,7.629
2830,2024-09-03T12:26:46.326+0100,3.322,5.492,5.597
2830,2024-09-03T12:26:46.462+0100,5.225,5.947,5.061
2830,2024-09-03T12:26:46.595+0100,6.077,5.774,5.051
2830,2024-09-03T12:26:46.731+0100,6.686,5.522,5.399
2830,2024-09-03T12:26:46.861+0100,6.839,5.076,5.165
2830,2024-09-03T12:26:46.994+0100,6.988,4.825,5.128
2830,2024-09-03T12:26:47.128+0100,7.427,4.64,4.312
2830,2024-09-03T12:26:47.262+0100,6.76,4.111,5.905
2830,2024-09-03T12:26:47.394+0100,7.966,4.276,4.429
2830,2024-09-03T12:26:47.530+0100,7.851,4.25,4.192
2830,2024-09-03T12:26:47.663+0100,7.46,4.26,4.932
2830,2024-09-03T12:26:47.796+0100,8.203,4.257,3.629
2830,2024-09-03T12:26:47.926+0100,7.475,3.893,4.363
2830,2024-09-03T12:26:48.059+0100,8.084,3.983,3.96
2830,2024-09-03T12:26:48.193+0100,8.235,3.941,3.853
2830,2024-09-03T12:26:48.328+0100,7.332,3.744,4.895
2830,2024-09-03T12:26:48.460+0100,8.226,3.931,4.143
2830,2024-09-03T12:26:48.592+0100,7.951,3.793,4.027
2830,2024-09-03T12:26:48.726+0100,7.938,3.797,4.016
2830,2024-09-03T12:26:48.859+0100,7.874,3.593,5.434
2830,2024-09-03T12:26:49.070+0100,8.429,3.704,3.54
2830,2024-09-03T12:26:49.123+0100,7.57,3.511,4.378
2830,2024-09-03T12:26:49.258+0100,7.574,3.577,4.845
2830,2024-09-03T12:26:49.390+0100,8.663,3.767,3.729
2830,2024-09-03T12:26:49.525+0100,8.091,3.656,4.476
2830,2024-09-03T12:26:49.658+0100,6.76,3.258,5.432
2830,2024-09-03T12:26:49.791+0100,6.575,3.342,5.615
2830,2024-09-03T12:26:49.923+0100,7.23,3.439,5.578
2830,2024-09-03T12:26:50.059+0100,8.46,3.787,4.266
2830,2024-09-03T12:26:50.188+0100,8.07,3.691,4.134
2830,2024-09-03T12:26:50.322+0100,8.132,3.422,3.919
2830,2024-09-03T12:26:50.458+0100,8.248,3.397,3.547
2830,2024-09-03T12:26:50.591+0100,7.695,3.293,4.315
2830,2024-09-03T12:26:50.724+0100,9.273,3.531,3.66
2830,2024-09-03T12:26:50.857+0100,9.154,3.447,1.32
2830,2024-09-03T12:26:51.048+0100,8.152,3.368,2.96
2830,2024-09-03T12:26:51.121+0100,8.98,3.557,2.316
2830,2024-09-03T12:26:51.255+0100,8.894,3.555,1.175
2830,2024-09-03T12:26:51.387+0100,7.722,3.493,3.338
2830,2024-09-03T12:26:51.522+0100,9.261,3.863,3.788
2830,2024-09-03T12:26:51.656+0100,9.189,3.875,1.29
2830,2024-09-03T12:26:51.787+0100,9.223,3.765,1.821
2830,2024-09-03T12:26:51.919+0100,7.832,3.484,2.182
2830,2024-09-03T12:26:52.054+0100,8.354,3.735,1.771
2830,2024-09-03T12:26:52.188+0100,8.869,4.2,1.187
2830,2024-09-03T12:26:52.321+0100,8.034,4.405,2.684
2830,2024-09-03T12:26:52.456+0100,9.393,3.706,1.58
2830,2024-09-03T12:26:52.588+0100,9.648,3.559,2.13
2830,2024-09-03T12:26:52.719+0100,8.743,3.696,4.128
2830,2024-09-03T12:26:52.853+0100,9.135,3.564,3.115
2830,2024-09-03T12:26:52.986+0100,8.772,2.873,2.191
2830,2024-09-03T12:26:53.120+0100,8.675,2.219,3.511
2830,2024-09-03T12:26:53.255+0100,8.026,1.495,1.468
2830,2024-09-03T12:26:53.387+0100,9.285,1.167,3.439
2830,2024-09-03T12:26:53.521+0100,9.784,0.735,4.988
2830,2024-09-03T12:26:53.654+0100,10.495,0.323,2.454
2830,2024-09-03T12:26:53.785+0100,9.856,-0.145,1.04
2830,2024-09-03T12:26:53.919+0100,9.687,-0.8,1.902
2830,2024-09-03T12:26:54.052+0100,9.404,-1.009,2.253
2830,2024-09-03T12:26:54.185+0100,9.207,-1.436,1.685
2830,2024-09-03T12:26:54.318+0100,9.366,-1.332,1.022
2830,2024-09-03T12:26:54.450+0100,9.681,-1.875,3.824
2830,2024-09-03T12:26:54.587+0100,9.981,-1.93,0.706
2830,2024-09-03T12:26:54.720+0100,9.351,-2.247,1.196
2830,2024-09-03T12:26:54.854+0100,8.887,-2.255,2.488
2830,2024-09-03T12:26:54.983+0100,9.313,-2.281,2.147
2830,2024-09-03T12:26:55.118+0100,8.633,-2.857,3.668
2830,2024-09-03T12:26:55.251+0100,8.732,-3.108,2.867
2830,2024-09-03T12:26:55.382+0100,9.408,-2.932,2.559
2830,2024-09-03T12:26:55.518+0100,7.997,-3.335,3.85
2830,2024-09-03T12:26:55.650+0100,9.332,-3.184,2.124
2830,2024-09-03T12:26:55.785+0100,9.811,-2.933,1.589
2830,2024-09-03T12:26:55.915+0100,8.663,-3.169,3.779
2830,2024-09-03T12:26:56.049+0100,9.217,-2.632,3.639
2830,2024-09-03T12:26:56.181+0100,9.187,-2.781,1.542
2830,2024-09-03T12:26:56.318+0100,8.675,-3.172,2.523
2830,2024-09-03T12:26:56.450+0100,8.373,-3.227,-0.236
2830,2024-09-03T12:26:56.584+0100,8.613,-3.253,3.083
2830,2024-09-03T12:26:56.718+0100,10.472,-2.62,0.509
2830,2024-09-03T12:26:56.851+0100,9.148,-3.13,0.563
2830,2024-09-03T12:26:56.979+0100,9.061,-3.272,1.688
2830,2024-09-03T12:26:57.112+0100,8.432,-3.256,2.326
2830,2024-09-03T12:26:57.249+0100,8.648,-3.437,1.678
2830,2024-09-03T12:26:57.383+0100,9.446,-3.257,0.96
2830,2024-09-03T12:26:57.516+0100,8.873,-3.497,2.148
2830,2024-09-03T12:26:57.649+0100,8.271,-3.547,1.586
2830,2024-09-03T12:26:57.783+0100,8.408,-3.68,2.913
2830,2024-09-03T12:26:57.912+0100,8.556,-3.61,2.167
2830,2024-09-03T12:26:58.046+0100,8.825,-3.757,1.851
2830,2024-09-03T12:26:58.180+0100,9.184,-3.565,1.75
2830,2024-09-03T12:26:58.312+0100,8.804,-4.019,1.454
2830,2024-09-03T12:26:58.442+0100,8.9,-3.813,0.407
2830,2024-09-03T12:26:58.577+0100,8.973,-3.885,1.414
2830,2024-09-03T12:26:58.710+0100,8.643,-3.758,2.122
2830,2024-09-03T12:26:58.845+0100,8.301,-3.91,2.663
2830,2024-09-03T12:26:58.977+0100,8.578,-4.065,2.037
2830,2024-09-03T12:26:59.110+0100,9.056,-3.982,1.212
2830,2024-09-03T12:26:59.241+0100,9.339,-3.903,0.685
2830,2024-09-03T12:26:59.377+0100,8.567,-4.15,0.945
2830,2024-09-03T12:26:59.509+0100,8.405,-4.007,1.454
2830,2024-09-03T12:26:59.644+0100,9.013,-3.812,1.368
2830,2024-09-03T12:26:59.777+0100,9.168,-3.775,0.754
2830,2024-09-03T12:26:59.910+0100,8.585,-3.881,1.241
2830,2024-09-03T12:27:00.042+0100,8.646,-3.834,2.999
2830,2024-09-03T12:27:00.175+0100,8.747,-3.779,1.546
2830,2024-09-03T12:27:00.310+0100,8.25,-3.994,2.612
2830,2024-09-03T12:27:00.443+0100,9.291,-3.636,-0.171
2830,2024-09-03T12:27:00.580+0100,9.553,-3.634,1.161
2830,2024-09-03T12:27:00.709+0100,8.128,-3.857,3.373
2830,2024-09-03T12:27:00.844+0100,8.558,-3.58,2.229
2830,2024-09-03T12:27:00.973+0100,9.508,-3.417,0.615
2830,2024-09-03T12:27:01.109+0100,9.141,-3.553,1.079
2830,2024-09-03T12:27:01.242+0100,9.329,-3.647,2.085
2830,2024-09-03T12:27:01.374+0100,8.529,-3.225,2.294
2830,2024-09-03T12:27:01.508+0100,8.233,-3.119,2.319
2830,2024-09-03T12:27:01.644+0100,9.449,-3.233,1.271
2830,2024-09-03T12:27:01.775+0100,9.769,-3.324,0.729
2830,2024-09-03T12:27:01.907+0100,8.436,-3.361,0.811
2830,2024-09-03T12:27:02.040+0100,9.28,-3.173,2.059
2830,2024-09-03T12:27:02.173+0100,8.503,-3.538,2.459
2830,2024-09-03T12:27:02.309+0100,8.426,-3.422,2.5
2830,2024-09-03T12:27:02.442+0100,8.637,-3.318,1.991
2830,2024-09-03T12:27:02.573+0100,8.883,-3.328,1.801
2830,2024-09-03T12:27:02.709+0100,9.47,-3.186,2.393
2830,2024-09-03T12:27:02.841+0100,8.773,-3.217,1.733
2830,2024-09-03T12:27:02.972+0100,8.544,-3.462,2.727
2830,2024-09-03T12:27:03.107+0100,8.73,-3.153,2.069
2830,2024-09-03T12:27:03.240+0100,9.17,-2.985,2.252
2830,2024-09-03T12:27:03.372+0100,8.919,-2.92,1.854
2830,2024-09-03T12:27:03.507+0100,9.169,-2.976,2.639
2830,2024-09-03T12:27:03.640+0100,8.328,-3.26,2.877
2830,2024-09-03T12:27:03.774+0100,8.733,-2.892,2.369
2830,2024-09-03T12:27:03.907+0100,9.592,-2.65,1.939
2830,2024-09-03T12:27:04.039+0100,9.904,-2.628,1.887
2830,2024-09-03T12:27:04.171+0100,9.566,-2.748,1.623
2830,2024-09-03T12:27:04.304+0100,9.77,-2.657,1.564
2830,2024-09-03T12:27:04.440+0100,9.4,-2.762,1.99
2830,2024-09-03T12:27:04.571+0100,9.23,-2.428,1.897
2830,2024-09-03T12:27:04.704+0100,8.709,-2.245,2.577
2830,2024-09-03T12:27:04.841+0100,9.212,-1.967,2.104
2830,2024-09-03T12:27:04.970+0100,9.18,-1.915,1.879
2830,2024-09-03T12:27:05.103+0100,8.961,-2.058,1.881
2830,2024-09-03T12:27:05.237+0100,8.835,-1.841,2.555
2830,2024-09-03T12:27:05.370+0100,9.762,-1.498,0.889
2830,2024-09-03T12:27:05.503+0100,9.703,-1.342,1.129
2830,2024-09-03T12:27:05.646+0100,9.354,-1.561,2.855
2830,2024-09-03T12:27:05.772+0100,8.935,-1.19,2.458
2830,2024-09-03T12:27:05.904+0100,9.572,-0.775,2.885
2830,2024-09-03T12:27:06.035+0100,10.298,-0.199,1.364
2830,2024-09-03T12:27:06.167+0100,10.022,-0.351,2.392
2830,2024-09-03T12:27:06.302+0100,10.026,-0.102,2.395
2830,2024-09-03T12:27:06.439+0100,10.271,0.694,1.037
2830,2024-09-03T12:27:06.567+0100,9.772,1.252,0.51
2830,2024-09-03T12:27:06.701+0100,9.227,1.786,2.23
2830,2024-09-03T12:27:06.836+0100,9.701,2.466,2.367
2830,2024-09-03T12:27:06.967+0100,9.011,2.774,3.15
2830,2024-09-03T12:27:07.101+0100,9.81,3.062,1.561
2830,2024-09-03T12:27:07.240+0100,8.284,2.935,0.63
2830,2024-09-03T12:27:07.263+0100,7.682,3.389,2.548
2830,2024-09-03T12:27:07.277+0100,8.207,3.679,2.719
2830,2024-09-03T12:27:07.289+0100,9.425,3.687,2.081
2830,2024-09-03T12:27:07.303+0100,10.109,3.915,1.631
2830,2024-09-03T12:27:07.314+0100,9.794,3.921,1.525
2830,2024-09-03T12:27:07.334+0100,9.401,3.893,2.06
2830,2024-09-03T12:27:07.347+0100,9.001,3.826,2.146
2830,2024-09-03T12:27:07.363+0100,8.624,3.875,1.767
2830,2024-09-03T12:27:07.402+0100,7.84,3.503,2.547
2830,2024-09-03T12:27:07.418+0100,7.156,3.257,3.604
2830,2024-09-03T12:27:07.429+0100,6.675,3.249,5.91
2830,2024-09-03T12:27:07.445+0100,7.068,3.655,7.987
2830,2024-09-03T12:27:07.462+0100,7.985,3.864,6.724
2830,2024-09-03T12:27:07.479+0100,8.331,3.848,3.75
2830,2024-09-03T12:27:07.495+0100,8.396,4.078,1.479
2830,2024-09-03T12:27:07.513+0100,8.069,3.885,1.25
2830,2024-09-03T12:27:07.529+0100,7.396,3.971,3.197
2830,2024-09-03T12:27:07.546+0100,7.254,4.172,4.147
2830,2024-09-03T12:27:07.562+0100,8.291,4.396,3.266
2830,2024-09-03T12:27:07.579+0100,8.864,4.311,1.413
2830,2024-09-03T12:27:07.597+0100,8.358,4.46,0.479
2830,2024-09-03T12:27:07.612+0100,7.557,4.506,-0.129
2830,2024-09-03T12:27:07.629+0100,7.071,4.438,1.177
2830,2024-09-03T12:27:07.646+0100,7.137,5.02,3.345
2830,2024-09-03T12:27:07.662+0100,8.996,5.262,2.267
2830,2024-09-03T12:27:07.679+0100,9.945,5.197,0.59
2830,2024-09-03T12:27:07.695+0100,9.283,5.231,0.735
2830,2024-09-03T12:27:07.712+0100,8.28,5.228,2.365
2830,2024-09-03T12:27:07.728+0100,7.604,5.136,3.368
2830,2024-09-03T12:27:07.745+0100,7.528,5.259,3.815
2830,2024-09-03T12:27:07.762+0100,7.671,5.341,3.586
2830,2024-09-03T12:27:07.778+0100,8.038,5.277,3.017
2830,2024-09-03T12:27:07.795+0100,7.948,5.341,2.183
2830,2024-09-03T12:27:07.811+0100,7.722,5.308,1.948
2830,2024-09-03T12:27:07.828+0100,7.505,5.18,2.53
2830,2024-09-03T12:27:07.845+0100,7.244,5.167,3.334
2830,2024-09-03T12:27:07.862+0100,7.089,5.355,3.781
2830,2024-09-03T12:27:07.879+0100,7.229,5.445,3.721
2830,2024-09-03T12:27:07.895+0100,7.466,5.419,3.739
2830,2024-09-03T12:27:07.912+0100,7.659,5.498,4.142
2830,2024-09-03T12:27:07.928+0100,7.43,5.485,4.475
2830,2024-09-03T12:27:07.945+0100,6.915,5.316,4.985
2830,2024-09-03T12:27:08.019+0100,6.48,5.289,5.59
2830,2024-09-03T12:27:08.022+0100,5.943,5.234,5.746
2830,2024-09-03T12:27:08.026+0100,5.351,5.233,5.628
2830,2024-09-03T12:27:08.030+0100,6.036,4.803,6.078
2830,2024-09-03T12:27:08.033+0100,5.998,4.771,6.667
2830,2024-09-03T12:27:08.045+0100,5.561,4.755,7.009
2830,2024-09-03T12:27:08.061+0100,4.737,4.616,6.842
2830,2024-09-03T12:27:08.112+0100,4.645,4.63,6.677
2830,2024-09-03T12:27:08.116+0100,4.854,4.667,6.282
2830,2024-09-03T12:27:08.119+0100,5.092,4.701,5.881
2830,2024-09-03T12:27:08.128+0100,5.354,4.567,6.121
2830,2024-09-03T12:27:08.144+0100,5.752,4.383,7.174
2830,2024-09-03T12:27:08.161+0100,5.56,4.36,7.926
2830,2024-09-03T12:27:08.178+0100,5.054,4.399,7.916
2830,2024-09-03T12:27:08.195+0100,4.804,4.44,7.159
2830,2024-09-03T12:27:08.211+0100,4.795,4.631,6.292
2830,2024-09-03T12:27:08.228+0100,4.846,4.749,5.763
2830,2024-09-03T12:27:08.244+0100,4.975,4.72,5.831
2830,2024-09-03T12:27:08.261+0100,4.93,4.634,6.354
2830,2024-09-03T12:27:08.278+0100,4.905,4.517,7.129
2830,2024-09-03T12:27:08.295+0100,4.765,4.496,7.552
2830,2024-09-03T12:27:08.464+0100,4.652,3.96,7.926
2830,2024-09-03T12:27:08.598+0100,3.803,4.115,7.936
2830,2024-09-03T12:27:08.735+0100,3.488,3.767,8.481
2830,2024-09-03T12:27:08.862+0100,2.57,3.76,8.043
2830,2024-09-03T12:27:09.028+0100,2.722,3.974,9.142
2830,2024-09-03T12:27:09.158+0100,1.974,3.951,11.573
2830,2024-09-03T12:27:09.261+0100,0.264,3.953,8.907
2830,2024-09-03T12:27:09.395+0100,0.06,4.19,7.771
2830,2024-09-03T12:27:09.530+0100,-0.002,5.017,7.149
2830,2024-09-03T12:27:09.663+0100,0.098,5.513,7.755
2830,2024-09-03T12:27:09.795+0100,0.283,6.261,7.274
2830,2024-09-03T12:27:09.928+0100,0.659,6.519,7.433
2830,2024-09-03T12:27:10.061+0100,1.244,6.458,6.982
2830,2024-09-03T12:27:10.194+0100,0.93,6.444,7.155
2830,2024-09-03T12:27:10.330+0100,0.178,6.613,7.236
2830,2024-09-03T12:27:10.461+0100,-0.011,7.011,6.619
2830,2024-09-03T12:27:10.592+0100,-0.085,7.231,7.189
2830,2024-09-03T12:27:10.729+0100,-0.735,7.49,5.937
2830,2024-09-03T12:27:10.905+0100,-0.434,7.58,6.214
2830,2024-09-03T12:27:10.991+0100,-0.97,7.819,5.924
2830,2024-09-03T12:27:11.128+0100,-1.424,7.929,5.356
2830,2024-09-03T12:27:11.258+0100,-1.616,7.681,5.678
2830,2024-09-03T12:27:11.394+0100,-1.673,7.713,5.594
2830,2024-09-03T12:27:11.527+0100,-1.509,7.655,5.659
2830,2024-09-03T12:27:11.662+0100,-1.332,7.514,6.361
2830,2024-09-03T12:27:11.790+0100,-1.347,7.726,6.084
2830,2024-09-03T12:27:11.923+0100,-1.494,7.767,5.439
2830,2024-09-03T12:27:12.059+0100,-1.637,7.725,5.517
2830,2024-09-03T12:27:12.192+0100,-1.678,7.427,6.045
2830,2024-09-03T12:27:12.328+0100,-1.521,7.665,5.77
2830,2024-09-03T12:27:12.458+0100,-1.317,7.559,6.03
2830,2024-09-03T12:27:12.590+0100,-1.214,7.56,6.268
2830,2024-09-03T12:27:12.725+0100,-1.211,7.544,6.023
2830,2024-09-03T12:27:12.863+0100,-1.07,7.471,6.238
2830,2024-09-03T12:27:12.990+0100,-0.758,7.427,6.533
2830,2024-09-03T12:27:13.161+0100,-0.675,7.225,6.721
2830,2024-09-03T12:27:13.257+0100,-0.675,7.113,6.705
2830,2024-09-03T12:27:13.389+0100,-0.679,7.086,6.754
2830,2024-09-03T12:27:13.521+0100,-0.358,6.999,6.918
2830,2024-09-03T12:27:13.657+0100,0.184,6.718,7.35
2830,2024-09-03T12:27:13.790+0100,0.472,6.919,6.943
2830,2024-09-03T12:27:13.924+0100,0.129,6.903,7.12
2830,2024-09-03T12:27:14.059+0100,0.191,6.488,7.58
2830,2024-09-03T12:27:14.191+0100,1.636,7.503,6.723
2830,2024-09-03T12:27:14.323+0100,2.142,7.105,6.174
2830,2024-09-03T12:27:14.421+0100,4.706,6.482,7.346
2830,2024-09-03T12:27:14.557+0100,1.993,7.172,5.03
2830,2024-09-03T12:27:14.689+0100,-0.717,8.477,2.92
2830,2024-09-03T12:27:14.822+0100,1.387,8.621,4.73
2830,2024-09-03T12:27:14.953+0100,1.825,8.244,4.72
2830,2024-09-03T12:27:15.086+0100,2.535,8.179,5.267
2830,2024-09-03T12:27:15.220+0100,2.579,8.303,4.784
2830,2024-09-03T12:27:15.355+0100,2.084,8.435,4.052
2830,2024-09-03T12:27:15.487+0100,2.565,8.405,4.342
2830,2024-09-03T12:27:15.621+0100,2.8,8.533,4.532
2830,2024-09-03T12:27:15.755+0100,2.594,8.706,4.453
2830,2024-09-03T12:27:15.886+0100,1.562,8.621,3.811
2830,2024-09-03T12:27:16.019+0100,1.45,8.728,3.705
2830,2024-09-03T12:27:16.159+0100,1.627,8.856,3.556
2830,2024-09-03T12:27:16.308+0100,1.892,8.801,3.887
2830,2024-09-03T12:27:16.419+0100,1.978,8.775,3.916
2830,2024-09-03T12:27:16.550+0100,1.982,8.792,3.467
2830,2024-09-03T12:27:16.709+0100,2.461,8.682,3.986
2830,2024-09-03T12:27:16.817+0100,2.691,8.558,4.166
2830,2024-09-03T12:27:16.951+0100,2.681,8.57,3.986
2830,2024-09-03T12:27:17.088+0100,2.736,8.627,3.945
2830,2024-09-03T12:27:17.222+0100,2.88,8.428,4.215
2830,2024-09-03T12:27:17.384+0100,2.791,8.582,3.913
2830,2024-09-03T12:27:17.489+0100,2.718,8.41,4.199
2830,2024-09-03T12:27:17.618+0100,3.041,8.346,4.308
2830,2024-09-03T12:27:17.751+0100,2.852,8.547,3.977
2830,2024-09-03T12:27:17.885+0100,2.937,8.394,4.289
2830,2024-09-03T12:27:18.018+0100,3.137,8.384,4.311
2830,2024-09-03T12:27:18.149+0100,2.719,8.384,4.288
2830,2024-09-03T12:27:18.286+0100,2.594,8.235,4.301
2830,2024-09-03T12:27:18.416+0100,2.511,8.699,3.909
2830,2024-09-03T12:27:18.550+0100,3.4,8.941,3.871
2830,2024-09-03T12:27:18.682+0100,2.829,8.722,3.269
2830,2024-09-03T12:27:18.815+0100,2.591,8.965,3.017
2830,2024-09-03T12:27:18.949+0100,2.133,9.2,1.822
2830,2024-09-03T12:27:19.080+0100,1.861,9.078,2.614
2830,2024-09-03T12:27:19.214+0100,2.462,9.224,2.21
2830,2024-09-03T12:27:19.347+0100,2.2,8.897,2.161
2830,2024-09-03T12:27:19.485+0100,3.313,8.745,3.075
2830,2024-09-03T12:27:19.614+0100,3.449,8.296,3.662
2830,2024-09-03T12:27:19.747+0100,4.32,7.921,3.839
2830,2024-09-03T12:27:19.882+0100,4.292,7.421,4.831
2830,2024-09-03T12:27:20.013+0100,4.061,7.741,4.915
2830,2024-09-03T12:27:20.146+0100,2.684,8.012,5.775
2830,2024-09-03T12:27:20.279+0100,1.617,7.964,5.004
2830,2024-09-03T12:27:20.412+0100,0.873,7.341,6.606
2830,2024-09-03T12:27:20.547+0100,0.535,6.894,5.931
2830,2024-09-03T12:27:20.678+0100,0.029,6.294,7.289
2830,2024-09-03T12:27:20.814+0100,-0.876,5.49,7.419
2830,2024-09-03T12:27:20.945+0100,-0.919,5.411,7.449
2830,2024-09-03T12:27:21.078+0100,-1.195,4.534,8.448
2830,2024-09-03T12:27:21.211+0100,-0.557,4.567,9.441
2830,2024-09-03T12:27:21.346+0100,-1.987,2.301,10.076
2830,2024-09-03T12:27:21.480+0100,-1.345,6.443,10.129
2830,2024-09-03T12:27:21.613+0100,-0.131,2.776,6.683
2830,2024-09-03T12:27:21.747+0100,-0.91,3.994,10.049
2830,2024-09-03T12:27:21.882+0100,-0.195,4.475,8.791
2830,2024-09-03T12:27:22.009+0100,0.549,4.726,8.658
2830,2024-09-03T12:27:22.146+0100,0.166,4.285,8.792
2830,2024-09-03T12:27:22.278+0100,0.083,3.43,9.652
2830,2024-09-03T12:27:22.411+0100,0.001,3.81,9.059
2830,2024-09-03T12:27:22.546+0100,-0.62,4.178,8.736
2830,2024-09-03T12:27:22.676+0100,-0.933,4.355,8.987
2830,2024-09-03T12:27:22.811+0100,-1.162,4.409,8.798
2830,2024-09-03T12:27:22.942+0100,-0.881,5.191,9.2
2830,2024-09-03T12:27:23.076+0100,0.455,5.146,6.373
2830,2024-09-03T12:27:23.208+0100,0.099,4.594,9.315
2830,2024-09-03T12:27:23.343+0100,-0.503,4.854,8.216
2830,2024-09-03T12:27:23.477+0100,-0.452,4.409,8.736
2830,2024-09-03T12:27:23.611+0100,0.002,4.236,8.915
2830,2024-09-03T12:27:23.759+0100,-0.004,4.24,8.685
2830,2024-09-03T12:27:23.872+0100,-0.43,3.605,8.934
2830,2024-09-03T12:27:24.009+0100,0.291,3.327,9.732
2830,2024-09-03T12:27:24.142+0100,0.726,3.826,9.19
2830,2024-09-03T12:27:24.277+0100,-0.129,4.393,8.356
2830,2024-09-03T12:27:24.414+0100,-0.733,4.183,8.969
2830,2024-09-03T12:27:24.544+0100,-0.944,4.464,8.861
2830,2024-09-03T12:27:24.675+0100,-1.012,4.573,8.218
2830,2024-09-03T12:27:24.812+0100,-1.401,4.412,8.675
2830,2024-09-03T12:27:24.939+0100,-1.996,4.219,8.457
2830,2024-09-03T12:27:25.075+0100,-2.704,3.884,8.807
2830,2024-09-03T12:27:25.207+0100,-2.972,3.408,8.876
2830,2024-09-03T12:27:25.340+0100,-2.977,3.6,8.748
2830,2024-09-03T12:27:25.474+0100,-2.569,3.626,8.725
2830,2024-09-03T12:27:25.609+0100,-1.491,4.001,8.689
2830,2024-09-03T12:27:25.741+0100,-1.697,4.161,8.612
2830,2024-09-03T12:27:25.872+0100,-2.048,3.904,8.862
2830,2024-09-03T12:27:25.972+0100,-1.726,4.095,8.711
2830,2024-09-03T12:27:26.105+0100,-1.871,4.007,8.682
2830,2024-09-03T12:27:26.239+0100,-2.096,3.895,8.728
2830,2024-09-03T12:27:26.373+0100,-1.939,3.943,8.763
2830,2024-09-03T12:27:26.507+0100,-2.032,3.926,8.813
2830,2024-09-03T12:27:26.640+0100,-2.003,3.961,8.737
2830,2024-09-03T12:27:26.772+0100,-1.998,3.916,8.719
2830,2024-09-03T12:27:26.905+0100,-2.072,3.932,8.689
2830,2024-09-03T12:27:27.039+0100,-2.01,3.934,8.752
2830,2024-09-03T12:27:27.171+0100,-2.046,3.955,8.729
2830,2024-09-03T12:27:27.305+0100,-2.082,3.921,8.8
2830,2024-09-03T12:27:27.440+0100,-1.95,3.992,8.687
2830,2024-09-03T12:27:27.572+0100,-2.053,3.842,8.688
2830,2024-09-03T12:27:27.708+0100,-1.439,4.018,9.041
2830,2024-09-03T12:27:27.839+0100,-0.563,4.558,10.404
2830,2024-09-03T12:27:28.000+0100,0.306,6.329,7.198
2830,2024-09-03T12:27:28.068+0100,-2.03,4.783,8.418
2830,2024-09-03T12:27:28.202+0100,-1.197,4.729,7.817
2830,2024-09-03T12:27:28.335+0100,-0.514,5.07,7.838
2830,2024-09-03T12:27:28.467+0100,-0.31,5.276,8.381
2830,2024-09-03T12:27:28.603+0100,0.094,5.309,8.235
2830,2024-09-03T12:27:28.740+0100,0.011,4.995,8.901
2830,2024-09-03T12:27:28.869+0100,-0.097,5.113,7.946
2830,2024-09-03T12:27:29.002+0100,-0.705,5.38,7.735
2830,2024-09-03T12:27:29.133+0100,-1.159,4.892,7.458
2830,2024-09-03T12:27:29.266+0100,-1.228,5.447,7.819
2830,2024-09-03T12:27:29.400+0100,0.025,5.7,8.466
2830,2024-09-03T12:27:29.533+0100,-1.731,4.208,7.162
2830,2024-09-03T12:27:29.668+0100,-2.964,3.575,8.022
2830,2024-09-03T12:27:29.802+0100,-1.489,4.301,10.443
2830,2024-09-03T12:27:29.932+0100,-0.188,4.365,9.31
2830,2024-09-03T12:27:30.066+0100,-0.081,3.373,7.199
2830,2024-09-03T12:27:30.200+0100,-0.638,3.233,10.663
2830,2024-09-03T12:27:30.335+0100,-2.931,2.671,9.483
2830,2024-09-03T12:27:30.467+0100,-1.859,3.537,10.101
2830,2024-09-03T12:27:30.600+0100,-1.708,4.341,8.36
2830,2024-09-03T12:27:30.734+0100,-0.859,3.348,7.419
2830,2024-09-03T12:27:30.867+0100,1.29,3.169,7.172
2830,2024-09-03T12:27:30.998+0100,0.312,3.946,12.028
2830,2024-09-03T12:27:31.132+0100,-1.938,4.232,9.416
2830,2024-09-03T12:27:31.265+0100,-1.796,4.272,8.351
2830,2024-09-03T12:27:31.399+0100,-1.738,4.558,8.427
2830,2024-09-03T12:27:31.532+0100,-1.516,4.583,8.439
2830,2024-09-03T12:27:31.665+0100,-1.836,4.592,8.419
2830,2024-09-03T12:27:31.798+0100,-1.223,4.907,8.313
2830,2024-09-03T12:27:31.929+0100,-1.28,4.819,8.439
2830,2024-09-03T12:27:32.064+0100,-1.57,4.784,8.435
2830,2024-09-03T12:27:32.197+0100,-1.64,4.559,8.688
2830,2024-09-03T12:27:32.330+0100,-1.471,4.644,8.487
2830,2024-09-03T12:27:32.463+0100,-1.4,4.582,8.568
2830,2024-09-03T12:27:32.600+0100,-1.339,4.384,8.695
2830,2024-09-03T12:27:32.731+0100,-1.298,4.402,8.565
2830,2024-09-03T12:27:32.865+0100,-1.03,4.265,8.898
2830,2024-09-03T12:27:32.996+0100,-0.546,4.552,8.757
2830,2024-09-03T12:27:33.131+0100,-0.459,4.746,8.429
2830,2024-09-03T12:27:33.264+0100,-0.421,4.378,8.929
2830,2024-09-03T12:27:33.399+0100,-0.459,4.574,8.486
2830,2024-09-03T12:27:33.528+0100,-0.546,4.412,8.8
2830,2024-09-03T12:27:33.660+0100,-0.282,4.566,8.789
2830,2024-09-03T12:27:33.795+0100,-0.512,4.47,8.585
2830,2024-09-03T12:27:33.929+0100,-0.388,4.478,8.862
2830,2024-09-03T12:27:34.061+0100,-0.346,4.41,8.701
2830,2024-09-03T12:27:34.194+0100,-0.15,4.476,8.56
2830,2024-09-03T12:27:34.331+0100,-0.358,4.367,8.773
2830,2024-09-03T12:27:34.463+0100,-0.222,4.557,8.477
2830,2024-09-03T12:27:34.595+0100,-0.223,4.544,8.831
2830,2024-09-03T12:27:34.727+0100,-0.271,4.572,8.62
2830,2024-09-03T12:27:34.860+0100,-0.214,4.561,8.709
2830,2024-09-03T12:27:34.993+0100,-0.387,4.607,8.626
2830,2024-09-03T12:27:35.129+0100,-0.383,4.612,8.808
2830,2024-09-03T12:27:35.260+0100,-0.221,4.601,8.751
2830,2024-09-03T12:27:35.376+0100,-0.294,4.67,8.452
2830,2024-09-03T12:27:35.513+0100,-0.292,4.616,8.624
2830,2024-09-03T12:27:35.643+0100,-0.474,4.676,8.632
2830,2024-09-03T12:27:35.775+0100,-0.338,4.512,8.854
2830,2024-09-03T12:27:35.906+0100,-0.309,4.684,8.544
2830,2024-09-03T12:27:36.042+0100,-0.521,4.679,8.542
2830,2024-09-03T12:27:36.171+0100,-0.574,4.568,8.273
2830,2024-09-03T12:27:36.355+0100,-0.084,4.593,8.254
2830,2024-09-03T12:27:36.439+0100,-0.093,4.434,8.575
2830,2024-09-03T12:27:36.574+0100,0.042,4.22,8.705
2830,2024-09-03T12:27:36.708+0100,0.368,4.084,9.236
2830,2024-09-03T12:27:36.842+0100,0.173,4.323,8.605
2830,2024-09-03T12:27:36.973+0100,0.185,4.119,8.993
2830,2024-09-03T12:27:37.107+0100,0.175,4.154,8.94
2830,2024-09-03T12:27:37.240+0100,0.29,4.075,8.995
2830,2024-09-03T12:27:37.374+0100,0.248,4.056,8.924
2830,2024-09-03T12:27:37.505+0100,0.209,4.056,8.949
2830,2024-09-03T12:27:37.638+0100,0.381,4.108,8.773
2830,2024-09-03T12:27:37.776+0100,0.472,4.192,8.85
2830,2024-09-03T12:27:37.905+0100,0.428,4.194,8.856
2830,2024-09-03T12:27:38.036+0100,0.517,4.194,8.878
2830,2024-09-03T12:27:38.170+0100,0.567,4.174,8.903
2830,2024-09-03T12:27:38.306+0100,0.517,4.17,8.886
2830,2024-09-03T12:27:38.438+0100,0.568,4.126,8.89
2830,2024-09-03T12:27:38.572+0100,0.574,4.082,8.846
2830,2024-09-03T12:27:38.706+0100,0.92,4.173,8.928
2830,2024-09-03T12:27:38.838+0100,0.985,4.226,8.877
2830,2024-09-03T12:27:38.969+0100,1.035,4.292,8.787
2830,2024-09-03T12:27:39.101+0100,1.028,4.308,8.818
2830,2024-09-03T12:27:39.236+0100,1.02,4.328,8.797
2830,2024-09-03T12:27:39.370+0100,1.034,4.351,8.768
2830,2024-09-03T12:27:39.501+0100,1.016,4.389,8.727
2830,2024-09-03T12:27:39.636+0100,1.085,4.375,8.749
2830,2024-09-03T12:27:39.772+0100,1.082,4.398,8.617
2830,2024-09-03T12:27:39.903+0100,1.132,4.365,8.651
2830,2024-09-03T12:27:40.035+0100,1.227,4.356,8.733
2830,2024-09-03T12:27:40.170+0100,1.411,4.397,8.642
2830,2024-09-03T12:27:40.302+0100,1.624,4.443,8.518
2830,2024-09-03T12:27:40.436+0100,1.978,4.531,8.407
2830,2024-09-03T12:27:40.571+0100,1.823,4.453,8.538
2830,2024-09-03T12:27:40.702+0100,2.136,4.341,8.544
2830,2024-09-03T12:27:40.882+0100,2.721,4.327,8.701
2830,2024-09-03T12:27:40.969+0100,3.319,4.679,7.996
2830,2024-09-03T12:27:41.101+0100,3.502,4.688,7.863
2830,2024-09-03T12:27:41.236+0100,2.691,4.147,8.599
2830,2024-09-03T12:27:41.367+0100,2.761,4.626,8.143
2830,2024-09-03T12:27:41.502+0100,3.409,5.213,7.423
2830,2024-09-03T12:27:41.634+0100,3.52,5.037,7.635
2830,2024-09-03T12:27:41.769+0100,3.657,4.924,7.585
2830,2024-09-03T12:27:41.897+0100,3.922,4.951,7.646
2830,2024-09-03T12:27:42.034+0100,4.043,4.945,7.506
2830,2024-09-03T12:27:42.166+0100,3.942,5.04,7.437
2830,2024-09-03T12:27:42.299+0100,3.968,4.996,7.476
2830,2024-09-03T12:27:42.431+0100,3.951,4.988,7.459
2830,2024-09-03T12:27:42.567+0100,3.995,5.008,7.43
2830,2024-09-03T12:27:42.700+0100,3.968,5.002,7.431
2830,2024-09-03T12:27:42.832+0100,3.961,4.986,7.453
2830,2024-09-03T12:27:42.965+0100,3.971,4.988,7.46
2830,2024-09-03T12:27:43.138+0100,3.955,4.979,7.424
2830,2024-09-03T12:27:43.229+0100,3.948,4.993,7.448
2830,2024-09-03T12:27:43.365+0100,4.016,4.999,7.41
2830,2024-09-03T12:27:43.495+0100,4.084,4.999,7.463
2830,2024-09-03T12:27:43.630+0100,3.924,5.085,7.586
2830,2024-09-03T12:27:43.766+0100,3.596,5.064,7.694
2830,2024-09-03T12:27:43.897+0100,3.261,5.124,7.671
2830,2024-09-03T12:27:44.029+0100,2.876,5.114,7.887
2830,2024-09-03T12:27:44.162+0100,2.503,5.142,7.924
2830,2024-09-03T12:27:44.298+0100,2.124,5.123,8.111
2830,2024-09-03T12:27:44.430+0100,2.048,5.219,7.962
2830,2024-09-03T12:27:44.563+0100,2.186,5.354,8.045
2830,2024-09-03T12:27:44.697+0100,2.127,5.504,7.724
2830,2024-09-03T12:27:44.830+0100,2.198,5.389,8.046
2830,2024-09-03T12:27:44.959+0100,2.179,5.386,7.916
2830,2024-09-03T12:27:45.093+0100,2.224,5.369,7.962
2830,2024-09-03T12:27:45.227+0100,2.359,5.369,7.905
2830,2024-09-03T12:27:45.362+0100,2.177,5.395,7.844
2830,2024-09-03T12:27:45.496+0100,2.319,5.292,7.991
2830,2024-09-03T12:27:45.625+0100,2.671,5.465,7.437
2830,2024-09-03T12:27:45.819+0100,2.844,5.334,7.604
2830,2024-09-03T12:27:45.892+0100,3.224,5.233,7.829
2830,2024-09-03T12:27:46.026+0100,3.092,5.085,7.781
2830,2024-09-03T12:27:46.157+0100,2.639,4.999,7.871
2830,2024-09-03T12:27:46.300+0100,2.416,4.759,8.304
2830,2024-09-03T12:27:46.425+0100,2.337,4.869,8.182
2830,2024-09-03T12:27:46.559+0100,2.448,4.814,8.246
2830,2024-09-03T12:27:46.694+0100,2.197,4.908,8.277
2830,2024-09-03T12:27:46.826+0100,2.221,4.747,8.451
2830,2024-09-03T12:27:46.958+0100,2.124,4.838,8.462
2830,2024-09-03T12:27:47.089+0100,1.935,4.932,8.24
2830,2024-09-03T12:27:47.222+0100,1.068,4.759,8.499
2830,2024-09-03T12:27:47.357+0100,0.778,4.663,8.731
2830,2024-09-03T12:27:47.491+0100,-0.032,4.777,8.191
2830,2024-09-03T12:27:47.624+0100,0.051,4.376,9.141
2830,2024-09-03T12:27:47.755+0100,-0.245,4.367,8.655
2830,2024-09-03T12:27:47.892+0100,-0.142,4.491,8.98
2830,2024-09-03T12:27:48.021+0100,-0.273,4.483,8.749
2830,2024-09-03T12:27:48.202+0100,-0.153,4.549,8.625
2830,2024-09-03T12:27:48.288+0100,-0.005,4.64,8.627
2830,2024-09-03T12:27:48.425+0100,-0.021,4.582,8.521
2830,2024-09-03T12:27:48.557+0100,0.048,4.549,8.737
2830,2024-09-03T12:27:48.690+0100,0.153,4.439,8.84
2830,2024-09-03T12:27:48.824+0100,0.558,4.363,9.039
2830,2024-09-03T12:27:48.957+0100,1.356,4.452,9.128
2830,2024-09-03T12:27:49.089+0100,1.02,4.368,8.826
2830,2024-09-03T12:27:49.219+0100,1.087,4.429,8.71
2830,2024-09-03T12:27:49.354+0100,0.838,4.223,8.889
2830,2024-09-03T12:27:49.488+0100,0.784,4.366,8.805
2830,2024-09-03T12:27:49.625+0100,0.942,4.317,8.697
2830,2024-09-03T12:27:49.754+0100,0.979,4.313,8.779
2830,2024-09-03T12:27:49.886+0100,1.017,4.209,9.009
2830,2024-09-03T12:27:50.035+0100,0.801,4.078,8.713
2830,2024-09-03T12:27:50.153+0100,0.891,4.265,8.843
2830,2024-09-03T12:27:50.286+0100,0.753,4.385,8.713
2830,2024-09-03T12:27:50.423+0100,0.874,4.612,8.719
2830,2024-09-03T12:27:50.553+0100,0.143,4.52,8.722
2830,2024-09-03T12:27:50.691+0100,-0.117,4.951,8.208
2830,2024-09-03T12:27:50.833+0100,0.205,5.029,8.124
2830,2024-09-03T12:27:50.951+0100,0.354,4.63,8.734
2830,2024-09-03T12:27:51.084+0100,-0.102,4.067,8.908
2830,2024-09-03T12:27:51.218+0100,0.025,3.978,8.8
2830,2024-09-03T12:27:51.353+0100,0.249,3.863,8.983
2830,2024-09-03T12:27:51.486+0100,0.164,3.857,9.109
2830,2024-09-03T12:27:51.619+0100,0.124,3.861,9.009
2830,2024-09-03T12:27:51.752+0100,0.071,3.846,9.01
2830,2024-09-03T12:27:51.891+0100,0.125,3.854,9.059
2830,2024-09-03T12:27:52.016+0100,0.064,3.859,8.995
2830,2024-09-03T12:27:52.152+0100,0.111,3.861,8.945
2830,2024-09-03T12:27:52.287+0100,0.195,3.887,9.092
2830,2024-09-03T12:27:52.420+0100,0.214,3.926,9.163
2830,2024-09-03T12:27:52.551+0100,0.024,3.94,8.732
2830,2024-09-03T12:27:52.690+0100,0.439,4.071,8.989
2830,2024-09-03T12:27:52.820+0100,0.828,4.165,8.926
2830,2024-09-03T12:27:52.949+0100,0.845,4.281,9.112
2830,2024-09-03T12:27:53.082+0100,0.87,4.124,8.958
2830,2024-09-03T12:27:53.216+0100,1.073,4.168,8.953
2830,2024-09-03T12:27:53.348+0100,0.757,3.916,9.159
2830,2024-09-03T12:27:53.483+0100,0.361,3.961,9.075
2830,2024-09-03T12:27:53.616+0100,0.015,4.026,9.106
2830,2024-09-03T12:27:53.748+0100,0.163,4.408,9.101
2830,2024-09-03T12:27:53.880+0100,-0.425,4.263,8.395
2830,2024-09-03T12:27:54.014+0100,0.255,4.049,9.059
2830,2024-09-03T12:27:54.149+0100,0.208,3.956,9.152
2830,2024-09-03T12:27:54.282+0100,0.254,3.889,9.13
2830,2024-09-03T12:27:54.415+0100,0.095,3.972,8.941
2830,2024-09-03T12:27:54.547+0100,-0.563,4.167,9.693
2830,2024-09-03T12:27:54.681+0100,-1.637,4.628,9.169
2830,2024-09-03T12:27:54.815+0100,-2.204,4.306,8.128
2830,2024-09-03T12:27:54.948+0100,-0.907,3.168,10.278
2830,2024-09-03T12:27:55.082+0100,1.531,4.362,9.562
2830,2024-09-03T12:27:55.215+0100,4.633,4.434,7.472
2830,2024-09-03T12:27:55.346+0100,3.632,4.397,8.978
2830,2024-09-03T12:27:55.480+0100,0.716,2.787,14.042
2830,2024-09-03T12:27:55.616+0100,0.505,2.559,11.205
2830,2024-09-03T12:27:55.748+0100,0.3,2.112,8.964
2830,2024-09-03T12:27:55.880+0100,0.254,1.777,7.383
2830,2024-09-03T12:27:56.012+0100,0.526,2.366,7.31
2830,2024-09-03T12:27:56.145+0100,0.544,3.493,8.767
2830,2024-09-03T12:27:56.279+0100,1.208,3.244,8.083
2830,2024-09-03T12:27:56.412+0100,0.273,3.252,8.751
2830,2024-09-03T12:27:56.545+0100,-0.692,2.81,9.379
2830,2024-09-03T12:27:56.679+0100,-0.116,3.495,8.446
2830,2024-09-03T12:27:56.812+0100,-0.365,3.534,9.348
2830,2024-09-03T12:27:56.943+0100,1.052,3.558,8.465
2830,2024-09-03T12:27:57.083+0100,2.3,3.685,8.871
2830,2024-09-03T12:27:57.213+0100,1.759,3.211,9.577
2830,2024-09-03T12:27:57.345+0100,0.887,3.544,9.18
2830,2024-09-03T12:27:57.478+0100,0.571,3.701,8.85
2830,2024-09-03T12:27:57.612+0100,0.473,4.01,9.117
2830,2024-09-03T12:27:57.745+0100,-0.025,3.548,9.104
2830,2024-09-03T12:27:57.878+0100,0.16,3.486,8.97
2830,2024-09-03T12:27:58.054+0100,0.288,3.925,8.948
2830,2024-09-03T12:27:58.141+0100,-0.408,3.346,9.166
2830,2024-09-03T12:27:58.279+0100,0.148,3.638,9.057
2830,2024-09-03T12:27:58.410+0100,-0.023,3.556,9.523
2830,2024-09-03T12:27:58.544+0100,0.279,3.474,9.115
2830,2024-09-03T12:27:58.677+0100,0.497,3.251,9.126
2830,2024-09-03T12:27:58.812+0100,0.623,3.012,9.291
2830,2024-09-03T12:27:58.953+0100,0.642,3.037,9.232
2830,2024-09-03T12:27:59.074+0100,0.665,2.958,9.375
2830,2024-09-03T12:27:59.243+0100,0.678,2.953,9.363
2830,2024-09-03T12:27:59.340+0100,0.739,2.959,9.268
2830,2024-09-03T12:27:59.473+0100,0.796,2.986,9.623
2830,2024-09-03T12:27:59.609+0100,0.365,2.96,9.47
2830,2024-09-03T12:27:59.741+0100,0.097,3.014,9.243
2830,2024-09-03T12:27:59.874+0100,0.013,3.082,9.364
